<?xml version="1.0" encoding="UTF-8" standalone="yes"?>
<root>
  <ids>
    <_75mm_Gun_M3_L37>0</_75mm_Gun_M3_L37>
    <_20mm_Hispano_Suiza_Birgikt_gun>1</_20mm_Hispano_Suiza_Birgikt_gun>
    <_37mm_M-5>2</_37mm_M-5>
    <_37mm_M-6_L53>3</_37mm_M-6_L53>
    <_37mm_Gun_M1916>4</_37mm_Gun_M1916>
    <_37mm_Browning_semiautomatic_gun>6</_37mm_Browning_semiautomatic_gun>
    <_75mm_Gun_M7_L50>7</_75mm_Gun_M7_L50>
    <_76mm_Gun_M1A1>8</_76mm_Gun_M1A1>
    <_76mm_Gun_M1A2>9</_76mm_Gun_M1A2>
    <_90mm_Gun_M3>10</_90mm_Gun_M3>
    <_105mm_SPH_M4_L23>11</_105mm_SPH_M4_L23>
    <_90mm_Gun_T15E2>16</_90mm_Gun_T15E2>
    <_105mm_Gun_T5E1>17</_105mm_Gun_T5E1>
    <_75mm_Howitzer_M3>24</_75mm_Howitzer_M3>
    <_20mm_Hispano_Suiza_Birgikt_gun_A>27</_20mm_Hispano_Suiza_Birgikt_gun_A>
    <_75mm_Gun_M2_L28>28</_75mm_Gun_M2_L28>
    <QF_6_pounder_Mk_IIIA>29</QF_6_pounder_Mk_IIIA>
    <_75mm_Gun_M3_L37A>30</_75mm_Gun_M3_L37A>
    <_90mm_Gun_T15E2M2>31</_90mm_Gun_T15E2M2>
    <_37mm_M-3_antitank_gun>32</_37mm_M-3_antitank_gun>
    <_75mm_Howitzer_M1A1>33</_75mm_Howitzer_M1A1>
    <_105mm_AT_Howitzer_M3>34</_105mm_AT_Howitzer_M3>
    <_57mm_Gun_M1_L50>35</_57mm_Gun_M1_L50>
    <_76mm_AT_Gun_M1918>36</_76mm_AT_Gun_M1918>
    <_75mm_AT_Gun_M7_L50>37</_75mm_AT_Gun_M7_L50>
    <_76mm_AT_Gun_M1A1>38</_76mm_AT_Gun_M1A1>
    <_76mm_AT_Gun_M1A2>39</_76mm_AT_Gun_M1A2>
    <_105mm_Gun_T5E1M2>40</_105mm_Gun_T5E1M2>
    <_90mm_AT_Gun_M3>41</_90mm_AT_Gun_M3>
    <_90mm_AT_Gun_T15E2>44</_90mm_AT_Gun_T15E2>
    <_105mm_AT_Gun_T5E1>45</_105mm_AT_Gun_T5E1>
    <_120mm_AT_Gun_T53>46</_120mm_AT_Gun_T53>
    <_155mm_AT_Gun_T7>48</_155mm_AT_Gun_T7>
    <_105mm_AT_SPH_M4_L23>49</_105mm_AT_SPH_M4_L23>
    <_37mm_M-6_L53M2>51</_37mm_M-6_L53M2>
    <Ordnance_QF_2pdr_AT_Gun_Mk.X>52</Ordnance_QF_2pdr_AT_Gun_Mk.X>
    <_120mm_Gun_T122>54</_120mm_Gun_T122>
    <_120mm_Gun_M58>55</_120mm_Gun_M58>
    <_90mm_Gun_M36>56</_90mm_Gun_M36>
    <_75mm_AT_Howitzer_M3>59</_75mm_AT_Howitzer_M3>
    <_75mm_AT_Gun_M3_L37>60</_75mm_AT_Gun_M3_L37>
    <_120mm_Gun_T53A1>61</_120mm_Gun_T53A1>
    <_90mm_Gun_T15E1>69</_90mm_Gun_T15E1>
    <_37mm_semiautomatic_gun_M1924A1>71</_37mm_semiautomatic_gun_M1924A1>
    <_105mm_Gun_M68>73</_105mm_Gun_M68>
    <_155mm_AT_Gun_T7E2>76</_155mm_AT_Gun_T7E2>
    <_120mm_Gun_T179>80</_120mm_Gun_T179>
    <_76mm_Gun_M1A2A>253</_76mm_Gun_M1A2A>
    <_76mm_Gun_T91A>1001</_76mm_Gun_T91A>
    <_20mm_Hispano_Suiza_Birgikt_gun_tutorial>2001</_20mm_Hispano_Suiza_Birgikt_gun_tutorial>
    <_37mm_Gun_M1916_tutorial>2000</_37mm_Gun_M1916_tutorial>
    <_120mm_Gun_T53A1_Freedom>1000</_120mm_Gun_T53A1_Freedom>
    <_12.7mm_MG_HB_M2_A>92</_12.7mm_MG_HB_M2_A>
  </ids>
  <shared>
    <_20mm_Hispano_Suiza_Birgikt_gun>
      <userString>#usa_vehicles:_20mm_Hispano_Suiza_Birgikt_gun</userString>
      <shortUserString>#usa_vehicles:_20mm_Hispano_Suiza_Birgikt_gun_short</shortUserString>
      <description>#usa_vehicles:_20mm_Hispano_Suiza_Birgikt_gun</description>
      <tags>clip</tags>
      <level>2</level>
      <price>0</price>
      <impulse>0.08</impulse>
      <recoil>
        <lodDist>MEDIUM</lodDist>
        <amplitude>0.04</amplitude>
        <backoffTime>0.1</backoffTime>
        <returnTime>0.12</returnTime>
      </recoil>
      <effects>shot_auto</effects>
      <pitchLimits>-25 8</pitchLimits>
      <turretYawLimits>-180 180</turretYawLimits>
      <rotationSpeed>43.75</rotationSpeed>
      <reloadTime>1.6</reloadTime>
      <maxAmmo>760</maxAmmo>
      <aimingTime>1.71428571428571</aimingTime>
      <clip>
        <count>15</count>
        <rate>600</rate>
      </clip>
      <burst>
        <count>3</count>
        <rate>600</rate>
      </burst>
      <weight>68</weight>
      <maxHealth>50</maxHealth>
      <maxRegenHealth>25</maxRegenHealth>
      <repairCost>2</repairCost>
      <shotDispersionRadius>0.502857142857143</shotDispersionRadius>
      <shotDispersionFactors>
        <turretRotation>0.08</turretRotation>
        <afterShot>1.0</afterShot>
        <whileGunDamaged>2.0</whileGunDamaged>
      </shotDispersionFactors>
      <shots>
        <_20mm_AP>
          <defaultPortion>1.0</defaultPortion>
          <speed>770</speed>
          <gravity>9.81</gravity>
          <maxDistance>360</maxDistance>
          <piercingPower>30 15</piercingPower>
        </_20mm_AP>
        <_20mm_APCR>
          <defaultPortion>0.0</defaultPortion>
          <speed>963</speed>
          <gravity>9.81</gravity>
          <maxDistance>360</maxDistance>
          <piercingPower>41 15</piercingPower>
        </_20mm_APCR>
      </shots>
    </_20mm_Hispano_Suiza_Birgikt_gun>
    <_20mm_Hispano_Suiza_Birgikt_gun_tutorial>
      <userString>#usa_vehicles:_20mm_Hispano_Suiza_Birgikt_gun</userString>
      <shortUserString>#usa_vehicles:_20mm_Hispano_Suiza_Birgikt_gun_short</shortUserString>
      <description>#usa_vehicles:_20mm_Hispano_Suiza_Birgikt_gun</description>
      <tags>clip</tags>
      <level>2</level>
      <price>0</price>
      <impulse>0.08</impulse>
      <recoil>
        <lodDist>MEDIUM</lodDist>
        <amplitude>0.04</amplitude>
        <backoffTime>0.1</backoffTime>
        <returnTime>0.12</returnTime>
      </recoil>
      <effects>shot_auto</effects>
      <pitchLimits>-25 8</pitchLimits>
      <rotationSpeed>43.75</rotationSpeed>
      <reloadTime>1.6</reloadTime>
      <maxAmmo>760</maxAmmo>
      <aimingTime>1.71428571428571</aimingTime>
      <clip>
        <count>15</count>
        <rate>600</rate>
      </clip>
      <burst>
        <count>3</count>
        <rate>600</rate>
      </burst>
      <weight>68</weight>
      <maxHealth>50</maxHealth>
      <maxRegenHealth>25</maxRegenHealth>
      <repairCost>2</repairCost>
      <shotDispersionRadius>0.502857142857143</shotDispersionRadius>
      <shotDispersionFactors>
        <turretRotation>0.08</turretRotation>
        <afterShot>1.0</afterShot>
        <whileGunDamaged>2.0</whileGunDamaged>
      </shotDispersionFactors>
      <shots>
        <_20mm_AP_tutorial>
          <defaultPortion>1.0</defaultPortion>
          <speed>770</speed>
          <gravity>9.81</gravity>
          <maxDistance>360</maxDistance>
          <piercingPower>30 15</piercingPower>
        </_20mm_AP_tutorial>
      </shots>
    </_20mm_Hispano_Suiza_Birgikt_gun_tutorial>
    <_20mm_Hispano_Suiza_Birgikt_gun_A>
      <userString>#usa_vehicles:_20mm_Hispano_Suiza_Birgikt_gun_A</userString>
      <shortUserString>#usa_vehicles:_20mm_Hispano_Suiza_Birgikt_gun_A_short</shortUserString>
      <description>#usa_vehicles:_20mm_Hispano_Suiza_Birgikt_gun_A</description>
      <tags>clip</tags>
      <level>2</level>
      <price>0</price>
      <notInShop>true</notInShop>
      <impulse>0.08</impulse>
      <recoil>
        <lodDist>MEDIUM</lodDist>
        <amplitude>0.04</amplitude>
        <backoffTime>0.1</backoffTime>
        <returnTime>0.12</returnTime>
      </recoil>
      <effects>shot_auto</effects>
      <pitchLimits>-21 8</pitchLimits>
      <rotationSpeed>43.75</rotationSpeed>
      <reloadTime>8</reloadTime>
      <maxAmmo>760</maxAmmo>
      <aimingTime>1.71428571428571</aimingTime>
      <clip>
        <count>15</count>
        <rate>600</rate>
      </clip>
      <burst>
        <count>3</count>
        <rate>600</rate>
      </burst>
      <weight>68</weight>
      <maxHealth>50</maxHealth>
      <maxRegenHealth>25</maxRegenHealth>
      <repairCost>2</repairCost>
      <shotDispersionRadius>0.502857142857143</shotDispersionRadius>
      <shotDispersionFactors>
        <turretRotation>0.08</turretRotation>
        <afterShot>1.0</afterShot>
        <whileGunDamaged>2.0</whileGunDamaged>
      </shotDispersionFactors>
      <shots>
        <_20mm_AP>
          <defaultPortion>1.0</defaultPortion>
          <speed>770</speed>
          <gravity>9.81</gravity>
          <maxDistance>360</maxDistance>
          <piercingPower>30 15</piercingPower>
        </_20mm_AP>
        <_20mm_APCR>
          <defaultPortion>0.0</defaultPortion>
          <speed>963</speed>
          <gravity>9.81</gravity>
          <maxDistance>360</maxDistance>
          <piercingPower>41 15</piercingPower>
        </_20mm_APCR>
      </shots>
    </_20mm_Hispano_Suiza_Birgikt_gun_A>
    <_37mm_Gun_M1916>
      <userString>#usa_vehicles:_37mm_Gun_M1916</userString>
      <description>#usa_vehicles:_37mm_Gun_M1916</description>
      <tags/>
      <level>1</level>
      <price>0</price>
      <impulse>0.26</impulse>
      <recoil>
        <lodDist>MEDIUM</lodDist>
        <amplitude>0.28</amplitude>
        <backoffTime>0.1</backoffTime>
        <returnTime>0.2</returnTime>
      </recoil>
      <effects>shot_small</effects>
      <pitchLimits>-25 8</pitchLimits>
      <rotationSpeed>52.5</rotationSpeed>
      <reloadTime>2.74285714285714</reloadTime>
      <maxAmmo>90</maxAmmo>
      <aimingTime>2.51428571428571</aimingTime>
      <weight>104</weight>
      <maxHealth>54</maxHealth>
      <maxRegenHealth>27</maxRegenHealth>
      <repairCost>2</repairCost>
      <shotDispersionRadius>0.537142857142857</shotDispersionRadius>
      <shotDispersionFactors>
        <turretRotation>0.16</turretRotation>
        <afterShot>4.0</afterShot>
        <whileGunDamaged>2.0</whileGunDamaged>
      </shotDispersionFactors>
      <shots>
        <_37mm_AP1937>
          <defaultPortion>1.0</defaultPortion>
          <speed>600</speed>
          <gravity>9.81</gravity>
          <maxDistance>720</maxDistance>
          <piercingPower>28 21</piercingPower>
        </_37mm_AP1937>
        <_37mm_APCBC1935>
          <defaultPortion>0.0</defaultPortion>
          <speed>750</speed>
          <gravity>9.81</gravity>
          <maxDistance>720</maxDistance>
          <piercingPower>45 33</piercingPower>
        </_37mm_APCBC1935>
        <_37mm_HE1916>
          <defaultPortion>0.0</defaultPortion>
          <speed>600</speed>
          <gravity>9.81</gravity>
          <maxDistance>720</maxDistance>
          <piercingPower>9 9</piercingPower>
        </_37mm_HE1916>
      </shots>
    </_37mm_Gun_M1916>
    <_37mm_Gun_M1916_tutorial>
      <userString>#usa_vehicles:_37mm_Gun_M1916</userString>
      <description>#usa_vehicles:_37mm_Gun_M1916</description>
      <tags/>
      <level>1</level>
      <price>0</price>
      <impulse>0.26</impulse>
      <recoil>
        <lodDist>MEDIUM</lodDist>
        <amplitude>0.28</amplitude>
        <backoffTime>0.1</backoffTime>
        <returnTime>0.2</returnTime>
      </recoil>
      <effects>shot_small</effects>
      <pitchLimits>-25 8</pitchLimits>
      <rotationSpeed>52.5</rotationSpeed>
      <reloadTime>2.74285714285714</reloadTime>
      <maxAmmo>90</maxAmmo>
      <aimingTime>2.51428571428571</aimingTime>
      <weight>104</weight>
      <maxHealth>54</maxHealth>
      <maxRegenHealth>27</maxRegenHealth>
      <repairCost>2</repairCost>
      <shotDispersionRadius>0.537142857142857</shotDispersionRadius>
      <shotDispersionFactors>
        <turretRotation>0.16</turretRotation>
        <afterShot>4.0</afterShot>
        <whileGunDamaged>2.0</whileGunDamaged>
      </shotDispersionFactors>
      <shots>
        <_37mm_HE1916_tutorial>
          <defaultPortion>1.0</defaultPortion>
          <speed>600</speed>
          <gravity>9.81</gravity>
          <maxDistance>720</maxDistance>
          <piercingPower>4 4</piercingPower>
        </_37mm_HE1916_tutorial>
      </shots>
    </_37mm_Gun_M1916_tutorial>
    <_37mm_M-5>
      <userString>#usa_vehicles:_37mm_M-5</userString>
      <description>#usa_vehicles:_37mm_M-5</description>
      <tags/>
      <level>2</level>
      <price>0</price>
      <impulse>0.26</impulse>
      <recoil>
        <lodDist>MEDIUM</lodDist>
        <amplitude>0.28</amplitude>
        <backoffTime>0.1</backoffTime>
        <returnTime>0.2</returnTime>
      </recoil>
      <effects>shot_small</effects>
      <pitchLimits>-25 8</pitchLimits>
      <turretYawLimits>-180 180</turretYawLimits>
      <rotationSpeed>43.75</rotationSpeed>
      <reloadTime>2.51428571428571</reloadTime>
      <maxAmmo>103</maxAmmo>
      <aimingTime>2.05714285714286</aimingTime>
      <weight>78</weight>
      <maxHealth>60</maxHealth>
      <maxRegenHealth>30</maxRegenHealth>
      <repairCost>2</repairCost>
      <shotDispersionRadius>0.457142857142857</shotDispersionRadius>
      <shotDispersionFactors>
        <turretRotation>0.16</turretRotation>
        <afterShot>4.0</afterShot>
        <whileGunDamaged>2.0</whileGunDamaged>
      </shotDispersionFactors>
      <shots>
        <_37mm_AP_M74>
          <defaultPortion>1.0</defaultPortion>
          <speed>782</speed>
          <gravity>9.81</gravity>
          <maxDistance>720</maxDistance>
          <piercingPower>48 36</piercingPower>
        </_37mm_AP_M74>
        <_37mm_APC_M51>
          <defaultPortion>0.0</defaultPortion>
          <speed>978</speed>
          <gravity>9.81</gravity>
          <maxDistance>720</maxDistance>
          <piercingPower>70 61</piercingPower>
        </_37mm_APC_M51>
        <_37mm_HE_M63>
          <defaultPortion>0.0</defaultPortion>
          <speed>782</speed>
          <gravity>9.81</gravity>
          <maxDistance>720</maxDistance>
          <piercingPower>19 19</piercingPower>
        </_37mm_HE_M63>
      </shots>
    </_37mm_M-5>
    <_37mm_M-6_L53>
      <userString>#usa_vehicles:_37mm_M-6_L53</userString>
      <description>#usa_vehicles:_37mm_M-6_L53</description>
      <tags/>
      <level>3</level>
      <price>0</price>
      <impulse>0.26</impulse>
      <recoil>
        <lodDist>MEDIUM</lodDist>
        <amplitude>0.3</amplitude>
        <backoffTime>0.1</backoffTime>
        <returnTime>0.32</returnTime>
      </recoil>
      <effects>shot_small</effects>
      <pitchLimits>-25 8</pitchLimits>
      <turretYawLimits>-180 180</turretYawLimits>
      <rotationSpeed>43.75</rotationSpeed>
      <reloadTime>2.2</reloadTime>
      <maxAmmo>103</maxAmmo>
      <aimingTime>1.7</aimingTime>
      <clip>
        <count>3</count>
        <rate>90</rate>
      </clip>
      <burst>
        <count>1</count>
        <rate>90</rate>
      </burst>
      <weight>82</weight>
      <maxHealth>66</maxHealth>
      <maxRegenHealth>33</maxRegenHealth>
      <repairCost>2</repairCost>
      <shotDispersionRadius>0.4</shotDispersionRadius>
      <shotDispersionFactors>
        <turretRotation>0.10</turretRotation>
        <afterShot>4.0</afterShot>
        <whileGunDamaged>2.0</whileGunDamaged>
      </shotDispersionFactors>
      <shots>
        <_37mm_AP_M74>
          <defaultPortion>1.0</defaultPortion>
          <speed>792</speed>
          <gravity>9.81</gravity>
          <maxDistance>720</maxDistance>
          <piercingPower>56 38</piercingPower>
        </_37mm_AP_M74>
        <_37mm_APC_M51>
          <defaultPortion>0.0</defaultPortion>
          <speed>990</speed>
          <gravity>9.81</gravity>
          <maxDistance>720</maxDistance>
          <piercingPower>78 66</piercingPower>
        </_37mm_APC_M51>
        <_37mm_HE_M63>
          <defaultPortion>0.0</defaultPortion>
          <speed>792</speed>
          <gravity>9.81</gravity>
          <maxDistance>720</maxDistance>
          <piercingPower>19 19</piercingPower>
        </_37mm_HE_M63>
      </shots>
    </_37mm_M-6_L53>
    <_37mm_M-6_L53M2>
      <userString>#usa_vehicles:_37mm_M-6_L53</userString>
      <description>#usa_vehicles:_37mm_M-6_L53</description>
      <tags/>
      <level>3</level>
      <notInShop>true</notInShop>
      <price>0</price>
      <impulse>0.26</impulse>
      <recoil>
        <lodDist>MEDIUM</lodDist>
        <amplitude>0.15</amplitude>
        <backoffTime>0.1</backoffTime>
        <returnTime>0.32</returnTime>
      </recoil>
      <effects>shot_small</effects>
      <pitchLimits>-30 10</pitchLimits>
      <rotationSpeed>43.75</rotationSpeed>
      <reloadTime>2.28571428571429</reloadTime>
      <maxAmmo>50</maxAmmo>
      <aimingTime>1.71428571428571</aimingTime>
      <weight>82</weight>
      <maxHealth>66</maxHealth>
      <maxRegenHealth>33</maxRegenHealth>
      <repairCost>2</repairCost>
      <shotDispersionRadius>0.42285714285714</shotDispersionRadius>
      <shotDispersionFactors>
        <turretRotation>0.12</turretRotation>
        <afterShot>4.0</afterShot>
        <whileGunDamaged>2.0</whileGunDamaged>
      </shotDispersionFactors>
      <shots>
        <_37mm_AP_M74>
          <defaultPortion>1.0</defaultPortion>
          <speed>792</speed>
          <gravity>9.81</gravity>
          <maxDistance>720</maxDistance>
          <piercingPower>56 38</piercingPower>
        </_37mm_AP_M74>
        <_37mm_APC_M51>
          <defaultPortion>0.0</defaultPortion>
          <speed>990</speed>
          <gravity>9.81</gravity>
          <maxDistance>720</maxDistance>
          <piercingPower>78 66</piercingPower>
        </_37mm_APC_M51>
        <_37mm_HE_M63>
          <defaultPortion>0.0</defaultPortion>
          <speed>792</speed>
          <gravity>9.81</gravity>
          <maxDistance>720</maxDistance>
          <piercingPower>9 9</piercingPower>
        </_37mm_HE_M63>
      </shots>
    </_37mm_M-6_L53M2>
    <_37mm_M-3_antitank_gun>
      <userString>#usa_vehicles:_37mm_M-3_antitank_gun</userString>
      <description>#usa_vehicles:_37mm_M-3_antitank_gun</description>
      <tags/>
      <level>2</level>
      <price>0</price>
      <impulse>0.26</impulse>
      <recoil>
        <lodDist>MEDIUM</lodDist>
        <amplitude>0.52</amplitude>
        <backoffTime>0.1</backoffTime>
        <returnTime>0.32</returnTime>
      </recoil>
      <effects>shot_small</effects>
      <pitchLimits>-20 8</pitchLimits>
      <rotationSpeed>43.75</rotationSpeed>
      <reloadTime>2.05714285714286</reloadTime>
      <maxAmmo>103</maxAmmo>
      <aimingTime>1.14285714285714</aimingTime>
      <weight>82</weight>
      <maxHealth>60</maxHealth>
      <maxRegenHealth>30</maxRegenHealth>
      <repairCost>2</repairCost>
      <shotDispersionRadius>0.4</shotDispersionRadius>
      <shotDispersionFactors>
        <turretRotation>0.08</turretRotation>
        <afterShot>4.0</afterShot>
        <whileGunDamaged>2.0</whileGunDamaged>
      </shotDispersionFactors>
      <shots>
        <_37mm_AP_M74>
          <defaultPortion>1.0</defaultPortion>
          <speed>792</speed>
          <gravity>9.81</gravity>
          <maxDistance>720</maxDistance>
          <piercingPower>56 38</piercingPower>
        </_37mm_AP_M74>
        <_37mm_APC_M51>
          <defaultPortion>0.0</defaultPortion>
          <speed>990</speed>
          <gravity>9.81</gravity>
          <maxDistance>720</maxDistance>
          <piercingPower>78 66</piercingPower>
        </_37mm_APC_M51>
        <_37mm_HE_M63>
          <defaultPortion>0.0</defaultPortion>
          <speed>792</speed>
          <gravity>9.81</gravity>
          <maxDistance>720</maxDistance>
          <piercingPower>9 9</piercingPower>
        </_37mm_HE_M63>
      </shots>
    </_37mm_M-3_antitank_gun>
    <_37mm_semiautomatic_gun_M1924A1>
      <userString>#usa_vehicles:_37mm_semiautomatic_gun_M1924A1</userString>
      <shortUserString>#usa_vehicles:_37mm_semiautomatic_gun_M1924A1_short</shortUserString>
      <description>#usa_vehicles:_37mm_semiautomatic_gun_M1924A1</description>
      <tags>clip</tags>
      <level>1</level>
      <price>0</price>
      <impulse>0.26</impulse>
      <recoil>
        <lodDist>MEDIUM</lodDist>
        <amplitude>0.3</amplitude>
        <backoffTime>0.1</backoffTime>
        <returnTime>0.2</returnTime>
      </recoil>
      <effects>shot_small</effects>
      <pitchLimits>-25 8</pitchLimits>
      <rotationSpeed>43.75</rotationSpeed>
      <reloadTime>6.85714285714286</reloadTime>
      <maxAmmo>90</maxAmmo>
      <aimingTime>2.05714285714286</aimingTime>
      <weight>65</weight>
      <maxHealth>54</maxHealth>
      <clip>
        <count>5</count>
        <rate>120</rate>
      </clip>
      <burst>
        <count>1</count>
        <rate>120</rate>
      </burst>
      <maxRegenHealth>27</maxRegenHealth>
      <repairCost>2</repairCost>
      <shotDispersionRadius>0.514285714285714</shotDispersionRadius>
      <shotDispersionFactors>
        <turretRotation>0.16</turretRotation>
        <afterShot>4.0</afterShot>
        <whileGunDamaged>2.0</whileGunDamaged>
      </shotDispersionFactors>
      <shots>
        <_37mm_AP1937>
          <defaultPortion>1.0</defaultPortion>
          <speed>600</speed>
          <gravity>9.81</gravity>
          <maxDistance>395</maxDistance>
          <piercingPower>33 23</piercingPower>
        </_37mm_AP1937>
        <_37mm_APCBC1935>
          <defaultPortion>0.0</defaultPortion>
          <speed>750</speed>
          <gravity>9.81</gravity>
          <maxDistance>395</maxDistance>
          <piercingPower>53 33</piercingPower>
        </_37mm_APCBC1935>
        <_37mm_HE1916>
          <defaultPortion>0.0</defaultPortion>
          <speed>600</speed>
          <gravity>9.81</gravity>
          <maxDistance>395</maxDistance>
          <piercingPower>9 9</piercingPower>
        </_37mm_HE1916>
      </shots>
    </_37mm_semiautomatic_gun_M1924A1>
    <_37mm_Browning_semiautomatic_gun>
      <userString>#usa_vehicles:_37mm_Browning_semiautomatic_gun</userString>
      <shortUserString>#usa_vehicles:_37mm_Browning_semiautomatic_gun_short</shortUserString>
      <description>#usa_vehicles:_37mm_Browning_semiautomatic_gun</description>
      <tags>clip</tags>
      <level>2</level>
      <price>0</price>
      <impulse>0.26</impulse>
      <recoil>
        <lodDist>MEDIUM</lodDist>
        <amplitude>0.36</amplitude>
        <backoffTime>0.1</backoffTime>
        <returnTime>0.3</returnTime>
      </recoil>
      <effects>shot_small</effects>
      <pitchLimits>-25 8</pitchLimits>
      <rotationSpeed>43.75</rotationSpeed>
      <reloadTime>6.85714285714286</reloadTime>
      <maxAmmo>90</maxAmmo>
      <aimingTime>2.05714285714286</aimingTime>
      <clip>
        <count>3</count>
        <rate>120</rate>
      </clip>
      <burst>
        <count>1</count>
        <rate>120</rate>
      </burst>
      <weight>65</weight>
      <maxHealth>60</maxHealth>
      <maxRegenHealth>30</maxRegenHealth>
      <repairCost>2</repairCost>
      <shotDispersionRadius>0.468571428571429</shotDispersionRadius>
      <shotDispersionFactors>
        <turretRotation>0.14</turretRotation>
        <afterShot>4.0</afterShot>
        <whileGunDamaged>2.0</whileGunDamaged>
      </shotDispersionFactors>
      <shots>
        <_37mm_AP1937>
          <defaultPortion>1.0</defaultPortion>
          <speed>600</speed>
          <gravity>9.81</gravity>
          <maxDistance>395</maxDistance>
          <piercingPower>39 25</piercingPower>
        </_37mm_AP1937>
        <_37mm_APCBC1935>
          <defaultPortion>0.0</defaultPortion>
          <speed>750</speed>
          <gravity>9.81</gravity>
          <maxDistance>395</maxDistance>
          <piercingPower>63 36</piercingPower>
        </_37mm_APCBC1935>
        <_37mm_HE1916>
          <defaultPortion>0.0</defaultPortion>
          <speed>600</speed>
          <gravity>9.81</gravity>
          <maxDistance>395</maxDistance>
          <piercingPower>9 9</piercingPower>
        </_37mm_HE1916>
      </shots>
    </_37mm_Browning_semiautomatic_gun>
    <Ordnance_QF_2pdr_AT_Gun_Mk.X>
      <userString>#usa_vehicles:Ordnance_QF_2pdr_AT_Gun_Mk.X</userString>
      <shortUserString>#usa_vehicles:Ordnance_QF_2pdr_AT_Gun_Mk.X_short</shortUserString>
      <description>#usa_vehicles:Ordnance_QF_2pdr_AT_Gun_Mk.X</description>
      <tags/>
      <level>4</level>
      <price>0</price>
      <impulse>0.26</impulse>
      <recoil>
        <lodDist>MEDIUM</lodDist>
        <amplitude>0.3</amplitude>
        <backoffTime>0.1</backoffTime>
        <returnTime>0.3</returnTime>
      </recoil>
      <effects>shot_small</effects>
      <pitchLimits>-25 10</pitchLimits>
      <rotationSpeed>43.75</rotationSpeed>
      <reloadTime>2.05714285714286</reloadTime>
      <maxAmmo>100</maxAmmo>
      <aimingTime>1.14285714285714</aimingTime>
      <weight>130</weight>
      <maxHealth>70</maxHealth>
      <maxRegenHealth>35</maxRegenHealth>
      <repairCost>2</repairCost>
      <shotDispersionRadius>0.377142857142857</shotDispersionRadius>
      <shotDispersionFactors>
        <turretRotation>0.08</turretRotation>
        <afterShot>4.0</afterShot>
        <whileGunDamaged>2.0</whileGunDamaged>
      </shotDispersionFactors>
      <shots>
        <_2pdr_AP_Mk.1T>
          <defaultPortion>1.0</defaultPortion>
          <speed>792</speed>
          <gravity>9.81</gravity>
          <maxDistance>720</maxDistance>
          <piercingPower>64 54</piercingPower>
        </_2pdr_AP_Mk.1T>
        <_2pdr_APCNR_Mk.1>
          <defaultPortion>0.0</defaultPortion>
          <speed>990</speed>
          <gravity>9.81</gravity>
          <maxDistance>720</maxDistance>
          <piercingPower>121 104</piercingPower>
        </_2pdr_APCNR_Mk.1>
        <_2pdr_HE_Mk.2>
          <defaultPortion>0.0</defaultPortion>
          <speed>792</speed>
          <gravity>9.81</gravity>
          <maxDistance>720</maxDistance>
          <piercingPower>12 12</piercingPower>
        </_2pdr_HE_Mk.2>
      </shots>
    </Ordnance_QF_2pdr_AT_Gun_Mk.X>
    <_57mm_Gun_M1_L50>
      <userString>#usa_vehicles:_57mm_Gun_M1_L50</userString>
      <description>#usa_vehicles:_57mm_Gun_M1_L50</description>
      <tags/>
      <level>5</level>
      <price>0</price>
      <impulse>0.26</impulse>
      <recoil>
        <lodDist>MEDIUM</lodDist>
        <amplitude>0.24</amplitude>
        <backoffTime>0.1</backoffTime>
        <returnTime>0.26</returnTime>
      </recoil>
      <effects>shot_medium</effects>
      <pitchLimits>-17 5</pitchLimits>
      <rotationSpeed>43.75</rotationSpeed>
      <reloadTime>2.51428571428571</reloadTime>
      <maxAmmo>100</maxAmmo>
      <aimingTime>1.71428571428571</aimingTime>
      <weight>400</weight>
      <maxHealth>104</maxHealth>
      <maxRegenHealth>52</maxRegenHealth>
      <repairCost>4</repairCost>
      <shotDispersionRadius>0.388571428571429</shotDispersionRadius>
      <shotDispersionFactors>
        <turretRotation>0.08</turretRotation>
        <afterShot>4.0</afterShot>
        <whileGunDamaged>2.0</whileGunDamaged>
      </shotDispersionFactors>
      <shots>
        <_57mm_AP_M70>
          <defaultPortion>1.0</defaultPortion>
          <speed>823</speed>
          <gravity>9.81</gravity>
          <maxDistance>720</maxDistance>
          <piercingPower>110 93</piercingPower>
        </_57mm_AP_M70>
        <_57mm_APC_M86>
          <defaultPortion>0.0</defaultPortion>
          <speed>1029</speed>
          <gravity>9.81</gravity>
          <maxDistance>720</maxDistance>
          <piercingPower>180 126</piercingPower>
        </_57mm_APC_M86>
        <_57mm_HE_T18>
          <defaultPortion>0.0</defaultPortion>
          <speed>823</speed>
          <gravity>9.81</gravity>
          <maxDistance>720</maxDistance>
          <piercingPower>15 15</piercingPower>
        </_57mm_HE_T18>
      </shots>
    </_57mm_Gun_M1_L50>
    <_75mm_Gun_M3_L37>
      <userString>#usa_vehicles:_75mm_Gun_M3_L37</userString>
      <description>#usa_vehicles:_75mm_Gun_M3_L37</description>
      <tags/>
      <level>4</level>
      <price>0</price>
      <impulse>0.48</impulse>
      <recoil>
        <lodDist>MEDIUM</lodDist>
        <amplitude>0.36</amplitude>
        <backoffTime>0.1</backoffTime>
        <returnTime>0.4</returnTime>
      </recoil>
      <effects>shot_medium</effects>
      <pitchLimits>-25 10</pitchLimits>
      <turretYawLimits>-180 180</turretYawLimits>
      <rotationSpeed>40.25</rotationSpeed>
      <reloadTime>3.80571428571429</reloadTime>
      <maxAmmo>46</maxAmmo>
      <aimingTime>2.05714285714286</aimingTime>
      <weight>1437</weight>
      <maxHealth>114</maxHealth>
      <maxRegenHealth>57</maxRegenHealth>
      <repairCost>5</repairCost>
      <shotDispersionRadius>0.457142857142857</shotDispersionRadius>
      <shotDispersionFactors>
        <turretRotation>0.16</turretRotation>
        <afterShot>4.0</afterShot>
        <whileGunDamaged>2.0</whileGunDamaged>
      </shotDispersionFactors>
      <shots>
        <_75mm_M61>
          <defaultPortion>0.8</defaultPortion>
          <speed>619</speed>
          <gravity>9.81</gravity>
          <maxDistance>720</maxDistance>
          <piercingPower>92 80</piercingPower>
        </_75mm_M61>
        <_75mm_M72>
          <defaultPortion>0.0</defaultPortion>
          <speed>820</speed>
          <gravity>9.81</gravity>
          <maxDistance>720</maxDistance>
          <piercingPower>127 97</piercingPower>
        </_75mm_M72>
        <_75mm_M48>
          <defaultPortion>0.2</defaultPortion>
          <speed>619</speed>
          <gravity>9.81</gravity>
          <maxDistance>720</maxDistance>
          <piercingPower>38 38</piercingPower>
        </_75mm_M48>
      </shots>
    </_75mm_Gun_M3_L37>
    <_75mm_Howitzer_M1A1>
      <userString>#usa_vehicles:_75mm_Howitzer_M1A1</userString>
      <description>#usa_vehicles:_75mm_Howitzer_M1A1</description>
      <tags/>
      <level>4</level>
      <price>0</price>
      <impulse>0.48</impulse>
      <recoil>
        <lodDist>MEDIUM</lodDist>
        <amplitude>0.08</amplitude>
        <backoffTime>0.1</backoffTime>
        <returnTime>0.4</returnTime>
      </recoil>
      <effects>shot_medium</effects>
      <pitchLimits>-25 10</pitchLimits>
      <rotationSpeed>40.25</rotationSpeed>
      <reloadTime>4.91428571428571</reloadTime>
      <maxAmmo>46</maxAmmo>
      <aimingTime>1.71428571428571</aimingTime>
      <weight>138</weight>
      <maxHealth>104</maxHealth>
      <maxRegenHealth>52</maxRegenHealth>
      <repairCost>5</repairCost>
      <shotDispersionRadius>0.525714285714286</shotDispersionRadius>
      <shotDispersionFactors>
        <turretRotation>0.08</turretRotation>
        <afterShot>4.0</afterShot>
        <whileGunDamaged>2.0</whileGunDamaged>
      </shotDispersionFactors>
      <shots>
        <_75mm_M48>
          <defaultPortion>1.0</defaultPortion>
          <speed>381</speed>
          <gravity>9.81</gravity>
          <maxDistance>720</maxDistance>
          <piercingPower>20 20</piercingPower>
        </_75mm_M48>
        <_75mm_HEAT_M66>
          <defaultPortion>0.0</defaultPortion>
          <speed>305</speed>
          <gravity>9.81</gravity>
          <maxDistance>720</maxDistance>
          <piercingPower>91.4 91.4</piercingPower>
        </_75mm_HEAT_M66>
      </shots>
    </_75mm_Howitzer_M1A1>
    <_75mm_Gun_M7_L50>
      <userString>#usa_vehicles:_75mm_Gun_M7_L50</userString>
      <description>#usa_vehicles:_75mm_Gun_M7_L50</description>
      <tags/>
      <level>5</level>
      <price>0</price>
      <impulse>0.48</impulse>
      <recoil>
        <lodDist>MEDIUM</lodDist>
        <amplitude>0.36</amplitude>
        <backoffTime>0.1</backoffTime>
        <returnTime>0.4</returnTime>
      </recoil>
      <effects>shot_medium_mb</effects>
      <pitchLimits>-25 10</pitchLimits>
      <rotationSpeed>40.25</rotationSpeed>
      <reloadTime>4.28571428571429</reloadTime>
      <maxAmmo>75</maxAmmo>
      <aimingTime>2.28571428571429</aimingTime>
      <weight>1450</weight>
      <maxHealth>120</maxHealth>
      <maxRegenHealth>60</maxRegenHealth>
      <repairCost>5</repairCost>
      <shotDispersionRadius>0.457142857142857</shotDispersionRadius>
      <shotDispersionFactors>
        <turretRotation>0.16</turretRotation>
        <afterShot>4.0</afterShot>
        <whileGunDamaged>2.0</whileGunDamaged>
      </shotDispersionFactors>
      <shots>
        <_75mm_M61>
          <defaultPortion>0.8</defaultPortion>
          <speed>792</speed>
          <gravity>9.81</gravity>
          <maxDistance>720</maxDistance>
          <piercingPower>101 93</piercingPower>
        </_75mm_M61>
        <_75mm_M72>
          <defaultPortion>0.0</defaultPortion>
          <speed>990</speed>
          <gravity>9.81</gravity>
          <maxDistance>720</maxDistance>
          <piercingPower>157 101</piercingPower>
        </_75mm_M72>
        <_75mm_M48>
          <defaultPortion>0.2</defaultPortion>
          <speed>792</speed>
          <gravity>9.81</gravity>
          <maxDistance>720</maxDistance>
          <piercingPower>20 20</piercingPower>
        </_75mm_M48>
      </shots>
    </_75mm_Gun_M7_L50>
    <_75mm_AT_Gun_M7_L50>
      <userString>#usa_vehicles:_75mm_AT_Gun_M7_L50</userString>
      <description>#usa_vehicles:_75mm_AT_Gun_M7_L50</description>
      <tags/>
      <level>5</level>
      <price>0</price>
      <impulse>0.48</impulse>
      <recoil>
        <lodDist>FAR</lodDist>
        <amplitude>0.28</amplitude>
        <backoffTime>0.16</backoffTime>
        <returnTime>0.4</returnTime>
      </recoil>
      <effects>shot_medium</effects>
      <pitchLimits>-30 10</pitchLimits>
      <rotationSpeed>40.25</rotationSpeed>
      <reloadTime>3.77142857142857</reloadTime>
      <maxAmmo>75</maxAmmo>
      <aimingTime>1.71428571428571</aimingTime>
      <weight>1450</weight>
      <maxHealth>120</maxHealth>
      <maxRegenHealth>60</maxRegenHealth>
      <repairCost>5</repairCost>
      <shotDispersionRadius>0.434285714285714</shotDispersionRadius>
      <shotDispersionFactors>
        <turretRotation>0.16</turretRotation>
        <afterShot>4.0</afterShot>
        <whileGunDamaged>2.0</whileGunDamaged>
      </shotDispersionFactors>
      <shots>
        <_76mm_M62>
          <defaultPortion>0.8</defaultPortion>
          <speed>792</speed>
          <gravity>9.81</gravity>
          <maxDistance>720</maxDistance>
          <piercingPower>101 93</piercingPower>
        </_76mm_M62>
        <_76mm_M79>
          <defaultPortion>0.0</defaultPortion>
          <speed>990</speed>
          <gravity>9.81</gravity>
          <maxDistance>720</maxDistance>
          <piercingPower>157 101</piercingPower>
        </_76mm_M79>
        <_76mm_M42A1>
          <defaultPortion>0.2</defaultPortion>
          <speed>792</speed>
          <gravity>9.81</gravity>
          <maxDistance>720</maxDistance>
          <piercingPower>20 20</piercingPower>
        </_76mm_M42A1>
      </shots>
    </_75mm_AT_Gun_M7_L50>
    <_76mm_Gun_M1A1>
      <userString>#usa_vehicles:_76mm_Gun_M1A1</userString>
      <description>#usa_vehicles:_76mm_Gun_M1A1</description>
      <tags/>
      <level>6</level>
      <price>0</price>
      <impulse>0.48</impulse>
      <recoil>
        <lodDist>MEDIUM</lodDist>
        <amplitude>0.36</amplitude>
        <backoffTime>0.1</backoffTime>
        <returnTime>0.4</returnTime>
      </recoil>
      <effects>shot_medium</effects>
      <pitchLimits>-25 10</pitchLimits>
      <turretYawLimits>-180 180</turretYawLimits>
      <rotationSpeed>40.25</rotationSpeed>
      <reloadTime>4.22857142857143</reloadTime>
      <maxAmmo>75</maxAmmo>
      <aimingTime>2.28571428571429</aimingTime>
      <weight>1567</weight>
      <maxHealth>120</maxHealth>
      <maxRegenHealth>60</maxRegenHealth>
      <repairCost>5</repairCost>
      <shotDispersionRadius>0.434285714285714</shotDispersionRadius>
      <shotDispersionFactors>
        <turretRotation>0.16</turretRotation>
        <afterShot>4.0</afterShot>
        <whileGunDamaged>2.0</whileGunDamaged>
      </shotDispersionFactors>
      <shots>
        <_76mm_AP_M79>
          <defaultPortion>0.8</defaultPortion>
          <speed>792</speed>
          <gravity>9.81</gravity>
          <maxDistance>720</maxDistance>
          <piercingPower>128 110</piercingPower>
        </_76mm_AP_M79>
        <_76mm_HVAP_M93>
          <defaultPortion>0.0</defaultPortion>
          <speed>990</speed>
          <gravity>9.81</gravity>
          <maxDistance>720</maxDistance>
          <piercingPower>177 158</piercingPower>
        </_76mm_HVAP_M93>
        <_76mm_HE_M42A1>
          <defaultPortion>0.2</defaultPortion>
          <speed>792</speed>
          <gravity>9.81</gravity>
          <maxDistance>720</maxDistance>
          <piercingPower>38 38</piercingPower>
        </_76mm_HE_M42A1>
      </shots>
    </_76mm_Gun_M1A1>
    <_76mm_AT_Gun_M1A1>
      <userString>#usa_vehicles:_76mm_AT_Gun_M1A1</userString>
      <description>#usa_vehicles:_76mm_AT_Gun_M1A1</description>
      <tags/>
      <level>6</level>
      <price>0</price>
      <impulse>0.48</impulse>
      <recoil>
        <lodDist>MEDIUM</lodDist>
        <amplitude>0.36</amplitude>
        <backoffTime>0.1</backoffTime>
        <returnTime>0.4</returnTime>
      </recoil>
      <effects>shot_medium</effects>
      <pitchLimits>-30 10</pitchLimits>
      <rotationSpeed>40.25</rotationSpeed>
      <reloadTime>3.42857142857143</reloadTime>
      <maxAmmo>75</maxAmmo>
      <aimingTime>1.71428571428571</aimingTime>
      <weight>1567</weight>
      <maxHealth>120</maxHealth>
      <maxRegenHealth>60</maxRegenHealth>
      <repairCost>5</repairCost>
      <shotDispersionRadius>0.411428571428571</shotDispersionRadius>
      <shotDispersionFactors>
        <turretRotation>0.16</turretRotation>
        <afterShot>4.0</afterShot>
        <whileGunDamaged>2.0</whileGunDamaged>
      </shotDispersionFactors>
      <shots>
        <_76mm_AP_M79>
          <defaultPortion>0.8</defaultPortion>
          <speed>792</speed>
          <gravity>9.81</gravity>
          <maxDistance>720</maxDistance>
          <piercingPower>128 110</piercingPower>
        </_76mm_AP_M79>
        <_76mm_HVAP_M93>
          <defaultPortion>0.0</defaultPortion>
          <speed>990</speed>
          <gravity>9.81</gravity>
          <maxDistance>720</maxDistance>
          <piercingPower>177 158</piercingPower>
        </_76mm_HVAP_M93>
        <_76mm_HE_M42A1>
          <defaultPortion>0.2</defaultPortion>
          <speed>792</speed>
          <gravity>9.81</gravity>
          <maxDistance>720</maxDistance>
          <piercingPower>20 20</piercingPower>
        </_76mm_HE_M42A1>
      </shots>
    </_76mm_AT_Gun_M1A1>
    <_76mm_Gun_M1A2>
      <userString>#usa_vehicles:_76mm_Gun_M1A2</userString>
      <description>#usa_vehicles:_76mm_Gun_M1A2</description>
      <tags/>
      <level>6</level>
      <price>0</price>
      <impulse>0.48</impulse>
      <recoil>
        <lodDist>MEDIUM</lodDist>
        <amplitude>0.36</amplitude>
        <backoffTime>0.1</backoffTime>
        <returnTime>0.4</returnTime>
      </recoil>
      <effects>shot_medium_mb</effects>
      <pitchLimits>-25 10</pitchLimits>
      <turretYawLimits>-180 180</turretYawLimits>
      <rotationSpeed>40.25</rotationSpeed>
      <reloadTime>3.25714285714286</reloadTime>
      <maxAmmo>75</maxAmmo>
      <aimingTime>2.28571428571429</aimingTime>
      <weight>1590</weight>
      <maxHealth>130</maxHealth>
      <maxRegenHealth>65</maxRegenHealth>
      <repairCost>5</repairCost>
      <shotDispersionRadius>0.4</shotDispersionRadius>
      <shotDispersionFactors>
        <turretRotation>0.12</turretRotation>
        <afterShot>3.5</afterShot>
        <whileGunDamaged>2.0</whileGunDamaged>
      </shotDispersionFactors>
      <shots>
        <_76mm_AP_M79>
          <defaultPortion>0.8</defaultPortion>
          <speed>792</speed>
          <gravity>9.81</gravity>
          <maxDistance>720</maxDistance>
          <piercingPower>128 110</piercingPower>
        </_76mm_AP_M79>
        <_76mm_HVAP_M93>
          <defaultPortion>0.0</defaultPortion>
          <speed>990</speed>
          <gravity>9.81</gravity>
          <maxDistance>720</maxDistance>
          <piercingPower>177 158</piercingPower>
        </_76mm_HVAP_M93>
        <_76mm_HE_M42A1>
          <defaultPortion>0.2</defaultPortion>
          <speed>792</speed>
          <gravity>9.81</gravity>
          <maxDistance>720</maxDistance>
          <piercingPower>38 38</piercingPower>
        </_76mm_HE_M42A1>
      </shots>
    </_76mm_Gun_M1A2>
    <_76mm_Gun_M1A2A>
      <userString>#usa_vehicles:_76mm_Gun_M1A2A</userString>
      <description>#usa_vehicles:_76mm_Gun_M1A2A</description>
      <tags/>
      <level>6</level>
      <price>0</price>
      <impulse>0.48</impulse>
      <recoil>
        <lodDist>MEDIUM</lodDist>
        <amplitude>0.36</amplitude>
        <backoffTime>0.1</backoffTime>
        <returnTime>0.4</returnTime>
      </recoil>
      <effects>shot_medium_mb</effects>
      <pitchLimits>-25 10</pitchLimits>
      <rotationSpeed>40.25</rotationSpeed>
      <reloadTime>3.25714285714286</reloadTime>
      <maxAmmo>75</maxAmmo>
      <aimingTime>2.28571428571429</aimingTime>
      <weight>1590</weight>
      <maxHealth>130</maxHealth>
      <maxRegenHealth>65</maxRegenHealth>
      <repairCost>5</repairCost>
      <shotDispersionRadius>0.4</shotDispersionRadius>
      <shotDispersionFactors>
        <turretRotation>0.12</turretRotation>
        <afterShot>3.5</afterShot>
        <whileGunDamaged>2.0</whileGunDamaged>
      </shotDispersionFactors>
      <shots>
        <_76mm_AP_M79>
          <defaultPortion>0.8</defaultPortion>
          <speed>792</speed>
          <gravity>9.81</gravity>
          <maxDistance>720</maxDistance>
          <piercingPower>128 110</piercingPower>
        </_76mm_AP_M79>
        <_76mm_HVAP_M93>
          <defaultPortion>0.0</defaultPortion>
          <speed>990</speed>
          <gravity>9.81</gravity>
          <maxDistance>720</maxDistance>
          <piercingPower>177 158</piercingPower>
        </_76mm_HVAP_M93>
        <_76mm_HE_M42A1>
          <defaultPortion>0.2</defaultPortion>
          <speed>792</speed>
          <gravity>9.81</gravity>
          <maxDistance>720</maxDistance>
          <piercingPower>20 20</piercingPower>
        </_76mm_HE_M42A1>
      </shots>
    </_76mm_Gun_M1A2A>
    <_76mm_AT_Gun_M1A2>
      <userString>#usa_vehicles:_76mm_AT_Gun_M1A2</userString>
      <description>#usa_vehicles:_76mm_Gun_M1A2</description>
      <tags/>
      <level>6</level>
      <price>0</price>
      <impulse>0.48</impulse>
      <recoil>
        <lodDist>MEDIUM</lodDist>
        <amplitude>0.36</amplitude>
        <backoffTime>0.1</backoffTime>
        <returnTime>0.4</returnTime>
      </recoil>
      <effects>shot_medium_mb</effects>
      <pitchLimits>-20 10</pitchLimits>
      <rotationSpeed>40.25</rotationSpeed>
      <reloadTime>3.08571428571429</reloadTime>
      <maxAmmo>75</maxAmmo>
      <aimingTime>1.71428571428571</aimingTime>
      <weight>1590</weight>
      <maxHealth>130</maxHealth>
      <maxRegenHealth>65</maxRegenHealth>
      <repairCost>5</repairCost>
      <shotDispersionRadius>0.377142857142857</shotDispersionRadius>
      <shotDispersionFactors>
        <turretRotation>0.12</turretRotation>
        <afterShot>3.5</afterShot>
        <whileGunDamaged>2.0</whileGunDamaged>
      </shotDispersionFactors>
      <shots>
        <_76mm_AP_M79>
          <defaultPortion>0.8</defaultPortion>
          <speed>792</speed>
          <gravity>9.81</gravity>
          <maxDistance>720</maxDistance>
          <piercingPower>128 110</piercingPower>
        </_76mm_AP_M79>
        <_76mm_HVAP_M93>
          <defaultPortion>0.0</defaultPortion>
          <speed>990</speed>
          <gravity>9.81</gravity>
          <maxDistance>720</maxDistance>
          <piercingPower>177 158</piercingPower>
        </_76mm_HVAP_M93>
        <_76mm_HE_M42A1>
          <defaultPortion>0.2</defaultPortion>
          <speed>792</speed>
          <gravity>9.81</gravity>
          <maxDistance>720</maxDistance>
          <piercingPower>20 20</piercingPower>
        </_76mm_HE_M42A1>
      </shots>
    </_76mm_AT_Gun_M1A2>
    <_76mm_AT_Gun_M1918>
      <userString>#usa_vehicles:_76mm_AT_Gun_M1918</userString>
      <description>#usa_vehicles:_76mm_AT_Gun_M1918</description>
      <tags/>
      <level>4</level>
      <price>0</price>
      <impulse>0.48</impulse>
      <recoil>
        <lodDist>MEDIUM</lodDist>
        <amplitude>0.4</amplitude>
        <backoffTime>0.1</backoffTime>
        <returnTime>0.44</returnTime>
      </recoil>
      <effects>shot_medium</effects>
      <pitchLimits>-15 5</pitchLimits>
      <rotationSpeed>35.0</rotationSpeed>
      <reloadTime>3.54285714285714</reloadTime>
      <maxAmmo>40</maxAmmo>
      <aimingTime>1.71428571428571</aimingTime>
      <weight>900</weight>
      <maxHealth>118</maxHealth>
      <maxRegenHealth>59</maxRegenHealth>
      <repairCost>4</repairCost>
      <shotDispersionRadius>0.434285714285714</shotDispersionRadius>
      <shotDispersionFactors>
        <turretRotation>0.08</turretRotation>
        <afterShot>4.0</afterShot>
        <whileGunDamaged>2.0</whileGunDamaged>
      </shotDispersionFactors>
      <shots>
        <_76mm_M64>
          <defaultPortion>0.8</defaultPortion>
          <speed>792</speed>
          <gravity>9.81</gravity>
          <maxDistance>720</maxDistance>
          <piercingPower>90 84</piercingPower>
        </_76mm_M64>
        <_76mm_HEAT>
          <defaultPortion>0.0</defaultPortion>
          <speed>634</speed>
          <gravity>9.81</gravity>
          <maxDistance>720</maxDistance>
          <piercingPower>100 100</piercingPower>
        </_76mm_HEAT>
        <_76mm_HE_M42B1>
          <defaultPortion>1.0</defaultPortion>
          <speed>792</speed>
          <gravity>9.81</gravity>
          <maxDistance>720</maxDistance>
          <piercingPower>25 25</piercingPower>
        </_76mm_HE_M42B1>
      </shots>
    </_76mm_AT_Gun_M1918>
    <_75mm_Howitzer_M3>
      <userString>#usa_vehicles:_75mm_Howitzer_M3</userString>
      <description>#usa_vehicles:_75mm_Howitzer_M3</description>
      <tags/>
      <level>3</level>
      <price>0</price>
      <impulse>0.48</impulse>
      <recoil>
        <lodDist>MEDIUM</lodDist>
        <amplitude>0.2</amplitude>
        <backoffTime>0.1</backoffTime>
        <returnTime>0.4</returnTime>
      </recoil>
      <effects>shot_medium</effects>
      <pitchLimits>-25 10</pitchLimits>
      <rotationSpeed>40.25</rotationSpeed>
      <reloadTime>4.11428571428571</reloadTime>
      <maxAmmo>46</maxAmmo>
      <aimingTime>2.28571428571429</aimingTime>
      <weight>138</weight>
      <maxHealth>100</maxHealth>
      <maxRegenHealth>50</maxRegenHealth>
      <repairCost>5</repairCost>
      <shotDispersionRadius>0.548571428571429</shotDispersionRadius>
      <shotDispersionFactors>
        <turretRotation>0.16</turretRotation>
        <afterShot>4.0</afterShot>
        <whileGunDamaged>2.0</whileGunDamaged>
      </shotDispersionFactors>
      <shots>
        <_75mm_M48>
          <defaultPortion>1.0</defaultPortion>
          <speed>620</speed>
          <gravity>9.81</gravity>
          <maxDistance>720</maxDistance>
          <piercingPower>20 20</piercingPower>
        </_75mm_M48>
        <_75mm_HEAT_M66>
          <defaultPortion>0.0</defaultPortion>
          <speed>496</speed>
          <gravity>9.81</gravity>
          <maxDistance>720</maxDistance>
          <piercingPower>91.4 91.4</piercingPower>
        </_75mm_HEAT_M66>
      </shots>
    </_75mm_Howitzer_M3>
    <_75mm_AT_Gun_M3_L37>
      <userString>#usa_vehicles:_75mm_AT_Gun_M3_L37</userString>
      <description>#usa_vehicles:_75mm_AT_Gun_M3_L37</description>
      <tags/>
      <level>4</level>
      <price>0</price>
      <impulse>0.48</impulse>
      <recoil>
        <lodDist>MEDIUM</lodDist>
        <amplitude>0.24</amplitude>
        <backoffTime>0.16</backoffTime>
        <returnTime>0.4</returnTime>
      </recoil>
      <effects>shot_medium</effects>
      <pitchLimits>-25 10</pitchLimits>
      <rotationSpeed>40.25</rotationSpeed>
      <reloadTime>3.80571428571429</reloadTime>
      <maxAmmo>46</maxAmmo>
      <aimingTime>2.05714285714286</aimingTime>
      <weight>1437</weight>
      <maxHealth>118</maxHealth>
      <maxRegenHealth>59</maxRegenHealth>
      <repairCost>5</repairCost>
      <shotDispersionRadius>0.434285714285714</shotDispersionRadius>
      <shotDispersionFactors>
        <turretRotation>0.16</turretRotation>
        <afterShot>4.0</afterShot>
        <whileGunDamaged>2.0</whileGunDamaged>
      </shotDispersionFactors>
      <shots>
        <_75mm_M61>
          <defaultPortion>0.8</defaultPortion>
          <speed>619</speed>
          <gravity>9.81</gravity>
          <maxDistance>720</maxDistance>
          <piercingPower>92 80</piercingPower>
        </_75mm_M61>
        <_75mm_M72>
          <defaultPortion>0.0</defaultPortion>
          <speed>820</speed>
          <gravity>9.81</gravity>
          <maxDistance>720</maxDistance>
          <piercingPower>127 97</piercingPower>
        </_75mm_M72>
        <_75mm_M48>
          <defaultPortion>0.2</defaultPortion>
          <speed>619</speed>
          <gravity>9.81</gravity>
          <maxDistance>720</maxDistance>
          <piercingPower>20 20</piercingPower>
        </_75mm_M48>
      </shots>
    </_75mm_AT_Gun_M3_L37>
    <_75mm_AT_Howitzer_M3>
      <userString>#usa_vehicles:_75mm_AT_Howitzer_M3</userString>
      <description>#usa_vehicles:_75mm_AT_Howitzer_M3</description>
      <tags/>
      <level>3</level>
      <price>0</price>
      <impulse>0.48</impulse>
      <recoil>
        <lodDist>MEDIUM</lodDist>
        <amplitude>0.23</amplitude>
        <backoffTime>0.16</backoffTime>
        <returnTime>0.4</returnTime>
      </recoil>
      <effects>shot_medium</effects>
      <pitchLimits>-25 10</pitchLimits>
      <rotationSpeed>40.25</rotationSpeed>
      <reloadTime>4.11428571428571</reloadTime>
      <maxAmmo>46</maxAmmo>
      <aimingTime>2.28571428571429</aimingTime>
      <weight>138</weight>
      <maxHealth>100</maxHealth>
      <maxRegenHealth>50</maxRegenHealth>
      <repairCost>5</repairCost>
      <shotDispersionRadius>0.51428571428571</shotDispersionRadius>
      <shotDispersionFactors>
        <turretRotation>0.16</turretRotation>
        <afterShot>4.0</afterShot>
        <whileGunDamaged>2.0</whileGunDamaged>
      </shotDispersionFactors>
      <shots>
        <_75mm_M48>
          <defaultPortion>1.0</defaultPortion>
          <speed>620</speed>
          <gravity>9.81</gravity>
          <maxDistance>720</maxDistance>
          <piercingPower>20 20</piercingPower>
        </_75mm_M48>
        <_75mm_HEAT_M66>
          <defaultPortion>0.0</defaultPortion>
          <speed>496</speed>
          <gravity>9.81</gravity>
          <maxDistance>720</maxDistance>
          <piercingPower>91.4 91.4</piercingPower>
        </_75mm_HEAT_M66>
      </shots>
    </_75mm_AT_Howitzer_M3>
    <QF_6_pounder_Mk_IIIA>
      <userString>#usa_vehicles:QF_6_pounder_Mk_IIIA</userString>
      <description>#usa_vehicles:QF_6_pounder_Mk_IIIA</description>
      <tags/>
      <level>4</level>
      <price>0</price>
      <notInShop>true</notInShop>
      <impulse>0.26</impulse>
      <recoil>
        <lodDist>MEDIUM</lodDist>
        <amplitude>0.35</amplitude>
        <backoffTime>0.1</backoffTime>
        <returnTime>0.3</returnTime>
      </recoil>
      <effects>shot_medium</effects>
      <pitchLimits>-20 7.5</pitchLimits>
      <rotationSpeed>43.75</rotationSpeed>
      <reloadTime>2.28571428571429</reloadTime>
      <maxAmmo>92</maxAmmo>
      <aimingTime>2.28571428571429</aimingTime>
      <weight>450</weight>
      <maxHealth>94</maxHealth>
      <maxRegenHealth>47</maxRegenHealth>
      <repairCost>4</repairCost>
      <shotDispersionRadius>0.434285714285714</shotDispersionRadius>
      <shotDispersionFactors>
        <turretRotation>0.08</turretRotation>
        <afterShot>4.0</afterShot>
        <whileGunDamaged>2.0</whileGunDamaged>
      </shotDispersionFactors>
      <shots>
        <_6pdr_AP_MKs_4>
          <defaultPortion>1.0</defaultPortion>
          <speed>821</speed>
          <gravity>9.81</gravity>
          <maxDistance>720</maxDistance>
          <piercingPower>105 81</piercingPower>
        </_6pdr_AP_MKs_4>
        <_6pdr_APCR_MK_1T>
          <defaultPortion>0.0</defaultPortion>
          <speed>1026</speed>
          <gravity>9.81</gravity>
          <maxDistance>720</maxDistance>
          <piercingPower>170 121</piercingPower>
        </_6pdr_APCR_MK_1T>
      </shots>
    </QF_6_pounder_Mk_IIIA>
    <_90mm_Gun_M3>
      <userString>#usa_vehicles:_90mm_Gun_M3</userString>
      <description>#usa_vehicles:_90mm_Gun_M3</description>
      <tags/>
      <level>7</level>
      <price>0</price>
      <impulse>0.48</impulse>
      <recoil>
        <lodDist>MEDIUM</lodDist>
        <amplitude>0.38</amplitude>
        <backoffTime>0.1</backoffTime>
        <returnTime>0.36</returnTime>
      </recoil>
      <effects>shot_main</effects>
      <pitchLimits>-17 6</pitchLimits>
      <rotationSpeed>35.0</rotationSpeed>
      <reloadTime>8.16</reloadTime>
      <maxAmmo>52</maxAmmo>
      <aimingTime>2.28571428571429</aimingTime>
      <weight>2050</weight>
      <maxHealth>150</maxHealth>
      <maxRegenHealth>75</maxRegenHealth>
      <repairCost>7</repairCost>
      <shotDispersionRadius>0.377142857142857</shotDispersionRadius>
      <shotDispersionFactors>
        <turretRotation>0.12</turretRotation>
        <afterShot>3.5</afterShot>
        <whileGunDamaged>2.0</whileGunDamaged>
      </shotDispersionFactors>
      <shots>
        <_90mm_AP_M77>
          <defaultPortion>0.8</defaultPortion>
          <speed>853</speed>
          <gravity>9.81</gravity>
          <maxDistance>720</maxDistance>
          <piercingPower>160 135</piercingPower>
        </_90mm_AP_M77>
        <_90mm_HVAP_M304>
          <defaultPortion>0.0</defaultPortion>
          <speed>1066</speed>
          <gravity>9.81</gravity>
          <maxDistance>720</maxDistance>
          <piercingPower>243 221</piercingPower>
        </_90mm_HVAP_M304>
        <_90mm_HE_M71>
          <defaultPortion>0.2</defaultPortion>
          <speed>853</speed>
          <gravity>9.81</gravity>
          <maxDistance>720</maxDistance>
          <piercingPower>45 45</piercingPower>
        </_90mm_HE_M71>
      </shots>
    </_90mm_Gun_M3>
    <_90mm_Gun_M36>
      <userString>#usa_vehicles:_90mm_Gun_M36</userString>
      <description>#usa_vehicles:_90mm_Gun_M36</description>
      <tags/>
      <level>7</level>
      <price>0</price>
      <impulse>0.48</impulse>
      <recoil>
        <lodDist>MEDIUM</lodDist>
        <amplitude>0.38</amplitude>
        <backoffTime>0.1</backoffTime>
        <returnTime>0.36</returnTime>
      </recoil>
      <effects>shot_main</effects>
      <pitchLimits>-17 6</pitchLimits>
      <rotationSpeed>35.0</rotationSpeed>
      <reloadTime>7.61142857142857</reloadTime>
      <maxAmmo>52</maxAmmo>
      <aimingTime>2.28571428571429</aimingTime>
      <weight>2080</weight>
      <maxHealth>160</maxHealth>
      <maxRegenHealth>80</maxRegenHealth>
      <repairCost>7</repairCost>
      <shotDispersionRadius>0.377142857142857</shotDispersionRadius>
      <shotDispersionFactors>
        <turretRotation>0.12</turretRotation>
        <afterShot>3.5</afterShot>
        <whileGunDamaged>2.0</whileGunDamaged>
      </shotDispersionFactors>
      <shots>
        <_90mm_AP_M77>
          <defaultPortion>0.8</defaultPortion>
          <speed>853</speed>
          <gravity>9.81</gravity>
          <maxDistance>720</maxDistance>
          <piercingPower>172 146</piercingPower>
        </_90mm_AP_M77>
        <_90mm_HVAP_M304>
          <defaultPortion>0.0</defaultPortion>
          <speed>1066</speed>
          <gravity>9.81</gravity>
          <maxDistance>720</maxDistance>
          <piercingPower>262 239</piercingPower>
        </_90mm_HVAP_M304>
        <_90mm_HE_M71>
          <defaultPortion>0.2</defaultPortion>
          <speed>853</speed>
          <gravity>9.81</gravity>
          <maxDistance>720</maxDistance>
          <piercingPower>45 45</piercingPower>
        </_90mm_HE_M71>
      </shots>
    </_90mm_Gun_M36>
    <_90mm_AT_Gun_M3>
      <userString>#usa_vehicles:_90mm_AT_Gun_M3</userString>
      <description>#usa_vehicles:_90mm_AT_Gun_M3</description>
      <tags/>
      <level>7</level>
      <price>0</price>
      <impulse>0.48</impulse>
      <recoil>
        <lodDist>MEDIUM</lodDist>
        <amplitude>0.22</amplitude>
        <backoffTime>0.12</backoffTime>
        <returnTime>0.36</returnTime>
      </recoil>
      <effects>shot_main</effects>
      <pitchLimits>-20 10</pitchLimits>
      <rotationSpeed>35.0</rotationSpeed>
      <reloadTime>7.54285714285714</reloadTime>
      <maxAmmo>44</maxAmmo>
      <aimingTime>1.71428571428571</aimingTime>
      <weight>2050</weight>
      <maxHealth>150</maxHealth>
      <maxRegenHealth>75</maxRegenHealth>
      <repairCost>7</repairCost>
      <shotDispersionRadius>0.354285714285714</shotDispersionRadius>
      <shotDispersionFactors>
        <turretRotation>0.12</turretRotation>
        <afterShot>3.5</afterShot>
        <whileGunDamaged>2.0</whileGunDamaged>
      </shotDispersionFactors>
      <shots>
        <_90mm_AP_M77>
          <defaultPortion>0.8</defaultPortion>
          <speed>853</speed>
          <gravity>9.81</gravity>
          <maxDistance>720</maxDistance>
          <piercingPower>160 135</piercingPower>
        </_90mm_AP_M77>
        <_90mm_HVAP_M304>
          <defaultPortion>0.0</defaultPortion>
          <speed>1066</speed>
          <gravity>9.81</gravity>
          <maxDistance>720</maxDistance>
          <piercingPower>243 221</piercingPower>
        </_90mm_HVAP_M304>
        <_90mm_HE_M71>
          <defaultPortion>0.2</defaultPortion>
          <speed>853</speed>
          <gravity>9.81</gravity>
          <maxDistance>720</maxDistance>
          <piercingPower>45 45</piercingPower>
        </_90mm_HE_M71>
      </shots>
    </_90mm_AT_Gun_M3>
    <_90mm_Gun_T15E2>
      <userString>#usa_vehicles:_90mm_Gun_T15E2</userString>
      <description>#usa_vehicles:_90mm_Gun_T15E2</description>
      <tags/>
      <level>8</level>
      <price>0</price>
      <impulse>0.48</impulse>
      <recoil>
        <lodDist>MEDIUM</lodDist>
        <amplitude>0.38</amplitude>
        <backoffTime>0.1</backoffTime>
        <returnTime>0.36</returnTime>
      </recoil>
      <effects>shot_main</effects>
      <pitchLimits>-17 6</pitchLimits>
      <rotationSpeed>35.0</rotationSpeed>
      <reloadTime>7.61142857142857</reloadTime>
      <maxAmmo>34</maxAmmo>
      <aimingTime>2.28571428571429</aimingTime>
      <weight>2050</weight>
      <maxHealth>170</maxHealth>
      <maxRegenHealth>85</maxRegenHealth>
      <repairCost>7</repairCost>
      <shotDispersionRadius>0.377142857142857</shotDispersionRadius>
      <shotDispersionFactors>
        <turretRotation>0.12</turretRotation>
        <afterShot>3.5</afterShot>
        <whileGunDamaged>2.0</whileGunDamaged>
      </shotDispersionFactors>
      <shots>
        <_90mm_AP_M77>
          <defaultPortion>0.8</defaultPortion>
          <speed>975</speed>
          <gravity>9.81</gravity>
          <maxDistance>720</maxDistance>
          <piercingPower>170 150</piercingPower>
        </_90mm_AP_M77>
        <_90mm_HVAP_M304>
          <defaultPortion>0.0</defaultPortion>
          <speed>1219</speed>
          <gravity>9.81</gravity>
          <maxDistance>720</maxDistance>
          <piercingPower>258 235</piercingPower>
        </_90mm_HVAP_M304>
        <_90mm_HE_M71>
          <defaultPortion>0.2</defaultPortion>
          <speed>975</speed>
          <gravity>9.81</gravity>
          <maxDistance>720</maxDistance>
          <piercingPower>45 45</piercingPower>
        </_90mm_HE_M71>
      </shots>
    </_90mm_Gun_T15E2>
    <_90mm_Gun_T15E2M2>
      <userString>#usa_vehicles:_90mm_Gun_T15E2M2</userString>
      <description>#usa_vehicles:_90mm_Gun_T15E2M2</description>
      <tags/>
      <level>8</level>
      <price>0</price>
      <impulse>0.48</impulse>
      <recoil>
        <lodDist>MEDIUM</lodDist>
        <amplitude>0.38</amplitude>
        <backoffTime>0.1</backoffTime>
        <returnTime>0.36</returnTime>
      </recoil>
      <effects>shot_main</effects>
      <pitchLimits>-25 10</pitchLimits>
      <rotationSpeed>35.0</rotationSpeed>
      <reloadTime>7.61142857142857</reloadTime>
      <maxAmmo>70</maxAmmo>
      <aimingTime>2.28571428571429</aimingTime>
      <weight>2250</weight>
      <maxHealth>170</maxHealth>
      <maxRegenHealth>85</maxRegenHealth>
      <repairCost>7</repairCost>
      <shotDispersionRadius>0.365714285714286</shotDispersionRadius>
      <shotDispersionFactors>
        <turretRotation>0.05</turretRotation>
        <afterShot>3.2</afterShot>
        <whileGunDamaged>2.0</whileGunDamaged>
      </shotDispersionFactors>
      <shots>
        <_90mm_AP_M77>
          <defaultPortion>0.8</defaultPortion>
          <speed>975</speed>
          <gravity>9.81</gravity>
          <maxDistance>720</maxDistance>
          <piercingPower>180 160</piercingPower>
        </_90mm_AP_M77>
        <_90mm_HVAP_M304>
          <defaultPortion>0.0</defaultPortion>
          <speed>1219</speed>
          <gravity>9.81</gravity>
          <maxDistance>720</maxDistance>
          <piercingPower>268 245</piercingPower>
        </_90mm_HVAP_M304>
        <_90mm_HE_M71>
          <defaultPortion>0.2</defaultPortion>
          <speed>975</speed>
          <gravity>9.81</gravity>
          <maxDistance>720</maxDistance>
          <piercingPower>45 45</piercingPower>
        </_90mm_HE_M71>
      </shots>
    </_90mm_Gun_T15E2M2>
    <_90mm_AT_Gun_T15E2>
      <userString>#usa_vehicles:_90mm_AT_Gun_T15E2</userString>
      <description>#usa_vehicles:_90mm_AT_Gun_T15E2</description>
      <tags/>
      <level>8</level>
      <price>0</price>
      <impulse>0.48</impulse>
      <recoil>
        <lodDist>MEDIUM</lodDist>
        <amplitude>0.2</amplitude>
        <backoffTime>0.1</backoffTime>
        <returnTime>0.36</returnTime>
      </recoil>
      <effects>shot_main</effects>
      <pitchLimits>-25 10</pitchLimits>
      <rotationSpeed>35.0</rotationSpeed>
      <reloadTime>7.54285714285714</reloadTime>
      <maxAmmo>70</maxAmmo>
      <aimingTime>1.71428571428571</aimingTime>
      <weight>2050</weight>
      <maxHealth>170</maxHealth>
      <maxRegenHealth>85</maxRegenHealth>
      <repairCost>7</repairCost>
      <shotDispersionRadius>0.354285714285714</shotDispersionRadius>
      <shotDispersionFactors>
        <turretRotation>0.05</turretRotation>
        <afterShot>3.2</afterShot>
        <whileGunDamaged>2.0</whileGunDamaged>
      </shotDispersionFactors>
      <shots>
        <_90mm_AP_M77>
          <defaultPortion>0.8</defaultPortion>
          <speed>975</speed>
          <gravity>9.81</gravity>
          <maxDistance>720</maxDistance>
          <piercingPower>170 150</piercingPower>
        </_90mm_AP_M77>
        <_90mm_HVAP_M304>
          <defaultPortion>0.0</defaultPortion>
          <speed>1219</speed>
          <gravity>9.81</gravity>
          <maxDistance>720</maxDistance>
          <piercingPower>258 235</piercingPower>
        </_90mm_HVAP_M304>
        <_90mm_HE_M71>
          <defaultPortion>0.2</defaultPortion>
          <speed>975</speed>
          <gravity>9.81</gravity>
          <maxDistance>720</maxDistance>
          <piercingPower>45 45</piercingPower>
        </_90mm_HE_M71>
      </shots>
    </_90mm_AT_Gun_T15E2>
    <_90mm_Gun_T15E1>
      <userString>#usa_vehicles:_90mm_Gun_T15E1</userString>
      <description>#usa_vehicles:_90mm_Gun_T15E1</description>
      <tags/>
      <level>8</level>
      <price>0</price>
      <notInShop>true</notInShop>
      <impulse>0.48</impulse>
      <recoil>
        <lodDist>MEDIUM</lodDist>
        <amplitude>0.38</amplitude>
        <backoffTime>0.1</backoffTime>
        <returnTime>0.36</returnTime>
      </recoil>
      <effects>shot_main</effects>
      <pitchLimits>-25 10</pitchLimits>
      <rotationSpeed>35.0</rotationSpeed>
      <reloadTime>7.61142857142857</reloadTime>
      <maxAmmo>70</maxAmmo>
      <aimingTime>2.28571428571429</aimingTime>
      <weight>2050</weight>
      <maxHealth>170</maxHealth>
      <maxRegenHealth>85</maxRegenHealth>
      <repairCost>7</repairCost>
      <shotDispersionRadius>0.365714285714286</shotDispersionRadius>
      <shotDispersionFactors>
        <turretRotation>0.05</turretRotation>
        <afterShot>3.2</afterShot>
        <whileGunDamaged>2.0</whileGunDamaged>
      </shotDispersionFactors>
      <shots>
        <_90mm_AP_M77>
          <defaultPortion>0.8</defaultPortion>
          <speed>975</speed>
          <gravity>9.81</gravity>
          <maxDistance>720</maxDistance>
          <piercingPower>170 150</piercingPower>
        </_90mm_AP_M77>
        <_90mm_HVAP_M304>
          <defaultPortion>0.0</defaultPortion>
          <speed>1219</speed>
          <gravity>9.81</gravity>
          <maxDistance>720</maxDistance>
          <piercingPower>258 235</piercingPower>
        </_90mm_HVAP_M304>
        <_90mm_HE_M71>
          <defaultPortion>0.2</defaultPortion>
          <speed>975</speed>
          <gravity>9.81</gravity>
          <maxDistance>720</maxDistance>
          <piercingPower>45 45</piercingPower>
        </_90mm_HE_M71>
      </shots>
    </_90mm_Gun_T15E1>
    <_105mm_AT_SPH_M4_L23>
      <userString>#usa_vehicles:_105mm_AT_SPH_M4_L23</userString>
      <description>#usa_vehicles:_105mm_AT_SPH_M4_L23</description>
      <tags/>
      <level>5</level>
      <price>0</price>
      <impulse>0.48</impulse>
      <recoil>
        <lodDist>MEDIUM</lodDist>
        <amplitude>0.2</amplitude>
        <backoffTime>0.1</backoffTime>
        <returnTime>0.44</returnTime>
      </recoil>
      <effects>shot_main</effects>
      <pitchLimits>-30 10</pitchLimits>
      <rotationSpeed>35.0</rotationSpeed>
      <reloadTime>7.42857142857143</reloadTime>
      <maxAmmo>46</maxAmmo>
      <aimingTime>1.71428571428571</aimingTime>
      <weight>2670</weight>
      <maxHealth>150</maxHealth>
      <maxRegenHealth>75</maxRegenHealth>
      <repairCost>8</repairCost>
      <shotDispersionRadius>0.525714285714286</shotDispersionRadius>
      <shotDispersionFactors>
        <turretRotation>0.12</turretRotation>
        <afterShot>4.0</afterShot>
        <whileGunDamaged>2.0</whileGunDamaged>
      </shotDispersionFactors>
      <shots>
        <_105mm_HE_M1>
          <defaultPortion>1</defaultPortion>
          <speed>472</speed>
          <gravity>9.81</gravity>
          <maxDistance>720</maxDistance>
          <piercingPower>30 30</piercingPower>
        </_105mm_HE_M1>
        <_105mm_HEAT_M67>
          <defaultPortion>0.0</defaultPortion>
          <speed>378</speed>
          <gravity>9.81</gravity>
          <maxDistance>720</maxDistance>
          <piercingPower>101.6 101.6</piercingPower>
        </_105mm_HEAT_M67>
      </shots>
    </_105mm_AT_SPH_M4_L23>
    <_105mm_Gun_T5E1>
      <userString>#usa_vehicles:_105mm_Gun_T5E1</userString>
      <description>#usa_vehicles:_105mm_Gun_T5E1</description>
      <tags/>
      <level>8</level>
      <price>0</price>
      <impulse>0.48</impulse>
      <recoil>
        <lodDist>MEDIUM</lodDist>
        <amplitude>0.16</amplitude>
        <backoffTime>0.1</backoffTime>
        <returnTime>0.24</returnTime>
      </recoil>
      <effects>shot_main</effects>
      <pitchLimits>-20 10</pitchLimits>
      <rotationSpeed>35.0</rotationSpeed>
      <reloadTime>9.48571428571429</reloadTime>
      <maxAmmo>46</maxAmmo>
      <aimingTime>2.28571428571429</aimingTime>
      <weight>2400</weight>
      <maxHealth>180</maxHealth>
      <maxRegenHealth>90</maxRegenHealth>
      <repairCost>8</repairCost>
      <shotDispersionRadius>0.422857142857143</shotDispersionRadius>
      <shotDispersionFactors>
        <turretRotation>0.16</turretRotation>
        <afterShot>4.0</afterShot>
        <whileGunDamaged>2.0</whileGunDamaged>
      </shotDispersionFactors>
      <shots>
        <_105mm_AP_T32>
          <defaultPortion>0.6</defaultPortion>
          <speed>945</speed>
          <gravity>9.81</gravity>
          <maxDistance>720</maxDistance>
          <piercingPower>198 175</piercingPower>
        </_105mm_AP_T32>
        <_105mm_APCR_T29E3>
          <defaultPortion>0.0</defaultPortion>
          <speed>1181</speed>
          <gravity>9.81</gravity>
          <maxDistance>720</maxDistance>
          <piercingPower>245 219</piercingPower>
        </_105mm_APCR_T29E3>
        <_105mm_HE_M11>
          <defaultPortion>0.4</defaultPortion>
          <speed>945</speed>
          <gravity>9.81</gravity>
          <maxDistance>720</maxDistance>
          <piercingPower>53 53</piercingPower>
        </_105mm_HE_M11>
      </shots>
    </_105mm_Gun_T5E1>
    <_105mm_AT_Gun_T5E1>
      <userString>#usa_vehicles:_105mm_AT_Gun_T5E1</userString>
      <description>#usa_vehicles:_105mm_AT_Gun_T5E1</description>
      <tags/>
      <level>8</level>
      <price>0</price>
      <impulse>0.48</impulse>
      <recoil>
        <lodDist>MEDIUM</lodDist>
        <amplitude>0.2</amplitude>
        <backoffTime>0.2</backoffTime>
        <returnTime>0.8</returnTime>
      </recoil>
      <effects>shot_main</effects>
      <pitchLimits>-20 10</pitchLimits>
      <rotationSpeed>35.0</rotationSpeed>
      <reloadTime>8.34285714285714</reloadTime>
      <maxAmmo>46</maxAmmo>
      <aimingTime>1.71428571428571</aimingTime>
      <weight>2400</weight>
      <maxHealth>180</maxHealth>
      <maxRegenHealth>90</maxRegenHealth>
      <repairCost>8</repairCost>
      <shotDispersionRadius>0.377142857142857</shotDispersionRadius>
      <shotDispersionFactors>
        <turretRotation>0.16</turretRotation>
        <afterShot>4.0</afterShot>
        <whileGunDamaged>2.0</whileGunDamaged>
      </shotDispersionFactors>
      <shots>
        <_105mm_AP_T32>
          <defaultPortion>0.6</defaultPortion>
          <speed>945</speed>
          <gravity>9.81</gravity>
          <maxDistance>720</maxDistance>
          <piercingPower>198 175</piercingPower>
        </_105mm_AP_T32>
        <_105mm_APCR_T29E3>
          <defaultPortion>0.0</defaultPortion>
          <speed>1181</speed>
          <gravity>9.81</gravity>
          <maxDistance>720</maxDistance>
          <piercingPower>245 219</piercingPower>
        </_105mm_APCR_T29E3>
        <_105mm_HE_M11>
          <defaultPortion>0.4</defaultPortion>
          <speed>945</speed>
          <gravity>9.81</gravity>
          <maxDistance>720</maxDistance>
          <piercingPower>53 53</piercingPower>
        </_105mm_HE_M11>
      </shots>
    </_105mm_AT_Gun_T5E1>
    <_105mm_Gun_T5E1M2>
      <userString>#usa_vehicles:_105mm_Gun_T5E1M2</userString>
      <description>#usa_vehicles:_105mm_Gun_T5E1M2</description>
      <tags/>
      <level>9</level>
      <price>0</price>
      <impulse>0.48</impulse>
      <recoil>
        <lodDist>MEDIUM</lodDist>
        <amplitude>0.24</amplitude>
        <backoffTime>0.1</backoffTime>
        <returnTime>0.24</returnTime>
      </recoil>
      <effects>shot_main</effects>
      <pitchLimits>-20 10</pitchLimits>
      <rotationSpeed>35.0</rotationSpeed>
      <reloadTime>8.8</reloadTime>
      <maxAmmo>46</maxAmmo>
      <aimingTime>2.28571428571429</aimingTime>
      <weight>2400</weight>
      <maxHealth>194</maxHealth>
      <maxRegenHealth>97</maxRegenHealth>
      <repairCost>8</repairCost>
      <shotDispersionRadius>0.422857142857143</shotDispersionRadius>
      <shotDispersionFactors>
        <turretRotation>0.05</turretRotation>
        <afterShot>4.0</afterShot>
        <whileGunDamaged>2.0</whileGunDamaged>
      </shotDispersionFactors>
      <shots>
        <_105mm_AP_T32M2>
          <defaultPortion>0.6</defaultPortion>
          <speed>945</speed>
          <gravity>9.81</gravity>
          <maxDistance>720</maxDistance>
          <piercingPower>218 193</piercingPower>
        </_105mm_AP_T32M2>
        <_105mm_APCR_T29E3M2>
          <defaultPortion>0.0</defaultPortion>
          <speed>1181</speed>
          <gravity>9.81</gravity>
          <maxDistance>720</maxDistance>
          <piercingPower>265 221</piercingPower>
        </_105mm_APCR_T29E3M2>
        <_105mm_HE_M11A2>
          <defaultPortion>0.4</defaultPortion>
          <speed>945</speed>
          <gravity>9.81</gravity>
          <maxDistance>720</maxDistance>
          <piercingPower>53 53</piercingPower>
        </_105mm_HE_M11A2>
      </shots>
    </_105mm_Gun_T5E1M2>
    <_105mm_Gun_M68>
      <userString>#usa_vehicles:_105mm_Gun_M68</userString>
      <description>#usa_vehicles:_105mm_Gun_M68</description>
      <tags/>
      <level>10</level>
      <price>0</price>
      <impulse>0.48</impulse>
      <recoil>
        <lodDist>MEDIUM</lodDist>
        <amplitude>0.24</amplitude>
        <backoffTime>0.1</backoffTime>
        <returnTime>0.24</returnTime>
      </recoil>
      <effects>shot_main</effects>
      <pitchLimits>-19 9</pitchLimits>
      <rotationSpeed>35.0</rotationSpeed>
      <reloadTime>8.57142857142857</reloadTime>
      <maxAmmo>57</maxAmmo>
      <aimingTime>2.28571428571429</aimingTime>
      <weight>2850</weight>
      <maxHealth>208</maxHealth>
      <maxRegenHealth>104</maxRegenHealth>
      <repairCost>8</repairCost>
      <shotDispersionRadius>0.422857142857143</shotDispersionRadius>
      <shotDispersionFactors>
        <turretRotation>0.05</turretRotation>
        <afterShot>4.0</afterShot>
        <whileGunDamaged>2.0</whileGunDamaged>
      </shotDispersionFactors>
      <shots>
        <_105mm_APCR_M68M2>
          <defaultPortion>0.6</defaultPortion>
          <speed>1478</speed>
          <gravity>9.81</gravity>
          <maxDistance>720</maxDistance>
          <piercingPower>268 258</piercingPower>
        </_105mm_APCR_M68M2>
        <_105mm_HEAT-T_T384E4>
          <defaultPortion>0.0</defaultPortion>
          <speed>1173</speed>
          <gravity>9.81</gravity>
          <maxDistance>720</maxDistance>
          <piercingPower>330 330</piercingPower>
        </_105mm_HEAT-T_T384E4>
        <_105mm_HE_M68M2>
          <defaultPortion>0.4</defaultPortion>
          <speed>1173</speed>
          <gravity>9.81</gravity>
          <maxDistance>720</maxDistance>
          <piercingPower>53 53</piercingPower>
        </_105mm_HE_M68M2>
      </shots>
    </_105mm_Gun_M68>
    <_105mm_AT_Howitzer_M3>
      <userString>#usa_vehicles:_105mm_AT_Howitzer_M3</userString>
      <description>#usa_vehicles:_105mm_AT_Howitzer_M3</description>
      <tags/>
      <level>5</level>
      <price>0</price>
      <impulse>0.48</impulse>
      <recoil>
        <lodDist>MEDIUM</lodDist>
        <amplitude>0.1</amplitude>
        <backoffTime>0.1</backoffTime>
        <returnTime>0.6</returnTime>
      </recoil>
      <effects>shot_main</effects>
      <pitchLimits>-25 5</pitchLimits>
      <rotationSpeed>30.625</rotationSpeed>
      <reloadTime>11.42857142857140</reloadTime>
      <maxAmmo>23</maxAmmo>
      <aimingTime>1.71428571428571</aimingTime>
      <weight>2100</weight>
      <maxHealth>150</maxHealth>
      <maxRegenHealth>75</maxRegenHealth>
      <repairCost>8</repairCost>
      <shotDispersionRadius>0.548571428571429</shotDispersionRadius>
      <shotDispersionFactors>
        <turretRotation>0.1</turretRotation>
        <afterShot>4.0</afterShot>
        <whileGunDamaged>2.0</whileGunDamaged>
      </shotDispersionFactors>
      <shots>
        <_105mm_HE_M1>
          <defaultPortion>1.0</defaultPortion>
          <speed>311</speed>
          <gravity>9.81</gravity>
          <maxDistance>720</maxDistance>
          <piercingPower>30 30</piercingPower>
        </_105mm_HE_M1>
        <_105mm_HEAT_M67>
          <defaultPortion>0.0</defaultPortion>
          <speed>249</speed>
          <gravity>9.81</gravity>
          <maxDistance>720</maxDistance>
          <piercingPower>101.6 101.6</piercingPower>
        </_105mm_HEAT_M67>
      </shots>
    </_105mm_AT_Howitzer_M3>
    <_120mm_Gun_T53A1>
      <userString>#usa_vehicles:_120mm_Gun_T53A1</userString>
      <description>#usa_vehicles:_120mm_Gun_T53A1</description>
      <tags/>
      <level>9</level>
      <notInShop>true</notInShop>
      <price>0</price>
      <impulse>0.68</impulse>
      <recoil>
        <lodDist>MEDIUM</lodDist>
        <amplitude>0.62</amplitude>
        <backoffTime>0.1</backoffTime>
        <returnTime>0.58</returnTime>
      </recoil>
      <effects>shot_large</effects>
      <pitchLimits>-15 11</pitchLimits>
      <rotationSpeed>26.25</rotationSpeed>
      <reloadTime>12.0</reloadTime>
      <maxAmmo>22</maxAmmo>
      <aimingTime>2.62857142857143</aimingTime>
      <weight>2790</weight>
      <maxHealth>200</maxHealth>
      <maxRegenHealth>100</maxRegenHealth>
      <repairCost>8</repairCost>
      <shotDispersionRadius>0.35</shotDispersionRadius>
      <shotDispersionFactors>
        <turretRotation>0.08</turretRotation>
        <afterShot>4.0</afterShot>
        <whileGunDamaged>2.0</whileGunDamaged>
      </shotDispersionFactors>
      <shots>
        <_120mm_AP_T42>
          <defaultPortion>0.60</defaultPortion>
          <speed>945</speed>
          <gravity>9.81</gravity>
          <maxDistance>720</maxDistance>
          <piercingPower>248 238</piercingPower>
        </_120mm_AP_T42>
        <_120mm_APCR_T62>
          <defaultPortion>0.0</defaultPortion>
          <speed>1181</speed>
          <gravity>9.81</gravity>
          <maxDistance>720</maxDistance>
          <piercingPower>297 255</piercingPower>
        </_120mm_APCR_T62>
        <_120mm_HE-T67>
          <defaultPortion>0.40</defaultPortion>
          <speed>945</speed>
          <gravity>9.81</gravity>
          <maxDistance>720</maxDistance>
          <piercingPower>60 60</piercingPower>
        </_120mm_HE-T67>
      </shots>
    </_120mm_Gun_T53A1>
    <_120mm_Gun_T122>
      <userString>#usa_vehicles:_120mm_Gun_T122</userString>
      <description>#usa_vehicles:_120mm_Gun_T122</description>
      <tags/>
      <level>9</level>
      <price>0</price>
      <impulse>0.68</impulse>
      <recoil>
        <lodDist>MEDIUM</lodDist>
        <amplitude>0.62</amplitude>
        <backoffTime>0.1</backoffTime>
        <returnTime>0.58</returnTime>
      </recoil>
      <effects>shot_large</effects>
      <pitchLimits>-15 11</pitchLimits>
      <rotationSpeed>26.25</rotationSpeed>
      <reloadTime>10.97142857142860</reloadTime>
      <maxAmmo>22</maxAmmo>
      <aimingTime>2.62857142857143</aimingTime>
      <weight>2790</weight>
      <maxHealth>200</maxHealth>
      <maxRegenHealth>100</maxRegenHealth>
      <repairCost>8</repairCost>
      <shotDispersionRadius>0.4</shotDispersionRadius>
      <shotDispersionFactors>
        <turretRotation>0.08</turretRotation>
        <afterShot>4.0</afterShot>
        <whileGunDamaged>2.0</whileGunDamaged>
      </shotDispersionFactors>
      <shots>
        <_120mm_AP_Shot>
          <defaultPortion>0.60</defaultPortion>
          <speed>945</speed>
          <gravity>9.81</gravity>
          <maxDistance>720</maxDistance>
          <piercingPower>242 222</piercingPower>
        </_120mm_AP_Shot>
        <_120mm_HEAT-T_M469>
          <defaultPortion>0.0</defaultPortion>
          <speed>1067</speed>
          <gravity>9.81</gravity>
          <maxDistance>720</maxDistance>
          <piercingPower>340 340</piercingPower>
        </_120mm_HEAT-T_M469>
        <_120mm_HE_Shot>
          <defaultPortion>0.40</defaultPortion>
          <speed>945</speed>
          <gravity>9.81</gravity>
          <maxDistance>720</maxDistance>
          <piercingPower>60 60</piercingPower>
        </_120mm_HE_Shot>
      </shots>
    </_120mm_Gun_T122>
    <_120mm_Gun_M58>
      <userString>#usa_vehicles:_120mm_Gun_M58</userString>
      <description>#usa_vehicles:_120mm_Gun_M58</description>
      <tags/>
      <level>10</level>
      <price>0</price>
      <impulse>0.68</impulse>
      <recoil>
        <lodDist>MEDIUM</lodDist>
        <amplitude>0.24</amplitude>
        <backoffTime>0.2</backoffTime>
        <returnTime>0.6</returnTime>
      </recoil>
      <effects>shot_large</effects>
      <pitchLimits>-15 11</pitchLimits>
      <rotationSpeed>26.25</rotationSpeed>
      <reloadTime>10.97142857142860</reloadTime>
      <maxAmmo>22</maxAmmo>
      <aimingTime>2.62857142857143</aimingTime>
      <weight>3100</weight>
      <maxHealth>210</maxHealth>
      <maxRegenHealth>105</maxRegenHealth>
      <repairCost>8</repairCost>
      <shotDispersionRadius>0.4</shotDispersionRadius>
      <shotDispersionFactors>
        <turretRotation>0.08</turretRotation>
        <afterShot>4.0</afterShot>
        <whileGunDamaged>2.0</whileGunDamaged>
      </shotDispersionFactors>
      <shots>
        <_120mm_AP-T_M358>
          <defaultPortion>0.60</defaultPortion>
          <speed>1067</speed>
          <gravity>9.81</gravity>
          <maxDistance>720</maxDistance>
          <piercingPower>258 238</piercingPower>
        </_120mm_AP-T_M358>
        <_120mm_HEAT-T_M469>
          <defaultPortion>0.0</defaultPortion>
          <speed>1067</speed>
          <gravity>9.81</gravity>
          <maxDistance>720</maxDistance>
          <piercingPower>340 340</piercingPower>
        </_120mm_HEAT-T_M469>
        <_120mm_HE_Shot>
          <defaultPortion>0.40</defaultPortion>
          <speed>1067</speed>
          <gravity>9.81</gravity>
          <maxDistance>720</maxDistance>
          <piercingPower>60 60</piercingPower>
        </_120mm_HE_Shot>
      </shots>
    </_120mm_Gun_M58>
    <_120mm_AT_Gun_T53>
      <userString>#usa_vehicles:_120mm_AT_Gun_T53</userString>
      <description>#usa_vehicles:_120mm_AT_Gun_T53</description>
      <tags/>
      <level>10</level>
      <price>0</price>
      <impulse>0.68</impulse>
      <recoil>
        <lodDist>MEDIUM</lodDist>
        <amplitude>0.2</amplitude>
        <backoffTime>0.2</backoffTime>
        <returnTime>1.0</returnTime>
      </recoil>
      <effects>shot_large</effects>
      <pitchLimits>-15 11</pitchLimits>
      <rotationSpeed>26.25</rotationSpeed>
      <reloadTime>10.0571428571429</reloadTime>
      <maxAmmo>22</maxAmmo>
      <aimingTime>2.05714285714286</aimingTime>
      <weight>2790</weight>
      <maxHealth>210</maxHealth>
      <maxRegenHealth>105</maxRegenHealth>
      <repairCost>8</repairCost>
      <shotDispersionRadius>0.377142857142857</shotDispersionRadius>
      <shotDispersionFactors>
        <turretRotation>0.08</turretRotation>
        <afterShot>4.0</afterShot>
        <whileGunDamaged>2.0</whileGunDamaged>
      </shotDispersionFactors>
      <shots>
        <_120mm_AP_T42>
          <defaultPortion>0.60</defaultPortion>
          <speed>945</speed>
          <gravity>9.81</gravity>
          <maxDistance>720</maxDistance>
          <piercingPower>248 238</piercingPower>
        </_120mm_AP_T42>
        <_120mm_APCR_T62>
          <defaultPortion>0.0</defaultPortion>
          <speed>1181</speed>
          <gravity>9.81</gravity>
          <maxDistance>720</maxDistance>
          <piercingPower>297 255</piercingPower>
        </_120mm_APCR_T62>
        <_120mm_HE-T67>
          <defaultPortion>0.40</defaultPortion>
          <speed>945</speed>
          <gravity>9.81</gravity>
          <maxDistance>720</maxDistance>
          <piercingPower>60 60</piercingPower>
        </_120mm_HE-T67>
      </shots>
    </_120mm_AT_Gun_T53>
    <_155mm_AT_Gun_T7>
      <userString>#usa_vehicles:_155mm_AT_Gun_T7</userString>
      <description>#usa_vehicles:_155mm_AT_Gun_T7</description>
      <tags/>
      <level>10</level>
      <price>0</price>
      <impulse>0.68</impulse>
      <recoil>
        <lodDist>MEDIUM</lodDist>
        <amplitude>0.4</amplitude>
        <backoffTime>0.1</backoffTime>
        <returnTime>0.6</returnTime>
      </recoil>
      <effects>shot_huge</effects>
      <pitchLimits>-15 10</pitchLimits>
      <rotationSpeed>23.625</rotationSpeed>
      <reloadTime>18.2857142857143</reloadTime>
      <maxAmmo>30</maxAmmo>
      <aimingTime>2.51428571428571</aimingTime>
      <weight>3371</weight>
      <maxHealth>230</maxHealth>
      <maxRegenHealth>115</maxRegenHealth>
      <repairCost>10</repairCost>
      <shotDispersionRadius>0.377142857142857</shotDispersionRadius>
      <shotDispersionFactors>
        <turretRotation>0.08</turretRotation>
        <afterShot>4.0</afterShot>
        <whileGunDamaged>2.0</whileGunDamaged>
      </shotDispersionFactors>
      <shots>
        <_155mm_AP_M111>
          <defaultPortion>0.20</defaultPortion>
          <speed>870</speed>
          <gravity>9.81</gravity>
          <maxDistance>720</maxDistance>
          <piercingPower>276 258</piercingPower>
        </_155mm_AP_M111>
        <_155mm_AP_M112>
          <defaultPortion>0.00</defaultPortion>
          <speed>1088</speed>
          <gravity>9.81</gravity>
          <maxDistance>720</maxDistance>
          <piercingPower>320 280</piercingPower>
        </_155mm_AP_M112>
        <_155mm_HE_M101>
          <defaultPortion>0.80</defaultPortion>
          <speed>870</speed>
          <gravity>9.81</gravity>
          <maxDistance>720</maxDistance>
          <piercingPower>90 90</piercingPower>
        </_155mm_HE_M101>
      </shots>
    </_155mm_AT_Gun_T7>
    <_155mm_AT_Gun_T7E2>
      <userString>#usa_vehicles:_155mm_AT_Gun_T7E2</userString>
      <description>#usa_vehicles:_155mm_AT_Gun_T7E2</description>
      <tags/>
      <level>10</level>
      <price>0</price>
      <impulse>0.68</impulse>
      <recoil>
        <lodDist>MEDIUM</lodDist>
        <amplitude>0.4</amplitude>
        <backoffTime>0.1</backoffTime>
        <returnTime>0.6</returnTime>
      </recoil>
      <effects>shot_huge</effects>
      <pitchLimits>-15 10</pitchLimits>
      <rotationSpeed>23.625</rotationSpeed>
      <reloadTime>18.2857142857143</reloadTime>
      <maxAmmo>30</maxAmmo>
      <aimingTime>2.51428571428571</aimingTime>
      <weight>3371</weight>
      <maxHealth>230</maxHealth>
      <maxRegenHealth>115</maxRegenHealth>
      <repairCost>10</repairCost>
      <shotDispersionRadius>0.377142857142857</shotDispersionRadius>
      <shotDispersionFactors>
        <turretRotation>0.08</turretRotation>
        <afterShot>4.0</afterShot>
        <whileGunDamaged>2.0</whileGunDamaged>
      </shotDispersionFactors>
      <shots>
        <_155mm_AP_M111E1>
          <defaultPortion>0.20</defaultPortion>
          <speed>870</speed>
          <gravity>9.81</gravity>
          <maxDistance>720</maxDistance>
          <piercingPower>295 285</piercingPower>
        </_155mm_AP_M111E1>
        <_155mm_AP_M112E1>
          <defaultPortion>0.00</defaultPortion>
          <speed>1088</speed>
          <gravity>9.81</gravity>
          <maxDistance>720</maxDistance>
          <piercingPower>375 365</piercingPower>
        </_155mm_AP_M112E1>
        <_155mm_HE_M101E1>
          <defaultPortion>0.80</defaultPortion>
          <speed>870</speed>
          <gravity>9.81</gravity>
          <maxDistance>720</maxDistance>
          <piercingPower>90 90</piercingPower>
        </_155mm_HE_M101E1>
      </shots>
    </_155mm_AT_Gun_T7E2>
    <_76mm_Gun_T91A>
      <userString>#usa_vehicles:_76mm_Gun_T91A</userString>
      <tags/>
      <level>6</level>
      <price>67100</price>
      <impulse>0.48</impulse>
      <recoil>
        <lodDist>MEDIUM</lodDist>
        <amplitude>0.36</amplitude>
        <backoffTime>0.1</backoffTime>
        <returnTime>0.4</returnTime>
      </recoil>
      <effects>shot_medium_mb</effects>
      <pitchLimits>-15 10</pitchLimits>
      <turretYawLimits>-180 180</turretYawLimits>
      <rotationSpeed>40.25</rotationSpeed>
      <reloadTime>3.25714285714286</reloadTime>
      <maxAmmo>75</maxAmmo>
      <aimingTime>1.71428571428571</aimingTime>
      <weight>775</weight>
      <maxHealth>130</maxHealth>
      <maxRegenHealth>65</maxRegenHealth>
      <repairCost>5</repairCost>
      <shotDispersionRadius>0.388571428571429</shotDispersionRadius>
      <shotDispersionFactors>
        <turretRotation>0.08</turretRotation>
        <afterShot>3.0</afterShot>
        <whileGunDamaged>2.0</whileGunDamaged>
      </shotDispersionFactors>
      <shots>
        <_76mm_AP_M339>
          <defaultPortion>0.8</defaultPortion>
          <speed>975</speed>
          <gravity>9.81</gravity>
          <maxDistance>720</maxDistance>
          <piercingPower>150 122</piercingPower>
        </_76mm_AP_M339>
        <_76mm_HVAP_M319>
          <defaultPortion>0.0</defaultPortion>
          <speed>1250</speed>
          <gravity>9.81</gravity>
          <maxDistance>720</maxDistance>
          <piercingPower>199 174</piercingPower>
        </_76mm_HVAP_M319>
        <_76mm_HE_M352>
          <defaultPortion>0.2</defaultPortion>
          <speed>732</speed>
          <gravity>9.81</gravity>
          <maxDistance>720</maxDistance>
          <piercingPower>38 38</piercingPower>
        </_76mm_HE_M352>
      </shots>
    </_76mm_Gun_T91A>
    <_120mm_Gun_T179>
      <userString>#usa_vehicles:_120mm_Gun_T179</userString>
      <description>#usa_vehicles:_120mm_Gun_T179</description>
      <tags>clip</tags>
      <level>10</level>
      <price>0</price>
      <impulse>0.68</impulse>
      <recoil>
        <lodDist>MEDIUM</lodDist>
        <amplitude>0.24</amplitude>
        <backoffTime>0.2</backoffTime>
        <returnTime>0.6</returnTime>
      </recoil>
      <effects>shot_large</effects>
      <pitchLimits>-15 11</pitchLimits>
      <rotationSpeed>26.25</rotationSpeed>
      <reloadTime>10.97142857142860</reloadTime>
      <maxAmmo>22</maxAmmo>
      <aimingTime>2.62857142857143</aimingTime>
      <weight>2849</weight>
      <maxHealth>210</maxHealth>
      <maxRegenHealth>105</maxRegenHealth>
      <repairCost>8</repairCost>
      <shotDispersionRadius>0.4</shotDispersionRadius>
      <shotDispersionFactors>
        <turretRotation>0.08</turretRotation>
        <afterShot>4.0</afterShot>
        <whileGunDamaged>2.0</whileGunDamaged>
      </shotDispersionFactors>
      <shots>
        <_120mm_AP-T_M358>
          <defaultPortion>0.60</defaultPortion>
          <speed>1067</speed>
          <gravity>9.81</gravity>
          <maxDistance>720</maxDistance>
          <piercingPower>258 238</piercingPower>
        </_120mm_AP-T_M358>
        <_120mm_HEAT-T_M469>
          <defaultPortion>0.0</defaultPortion>
          <speed>1067</speed>
          <gravity>9.81</gravity>
          <maxDistance>720</maxDistance>
          <piercingPower>340 340</piercingPower>
        </_120mm_HEAT-T_M469>
        <_120mm_HE_Shot>
          <defaultPortion>0.40</defaultPortion>
          <speed>1067</speed>
          <gravity>9.81</gravity>
          <maxDistance>720</maxDistance>
          <piercingPower>60 60</piercingPower>
        </_120mm_HE_Shot>
      </shots>
    </_120mm_Gun_T179>
    <_120mm_Gun_T53A1_Freedom>
      <userString>#usa_vehicles:_120mm_Gun_T53A1</userString>
      <description>#usa_vehicles:_120mm_Gun_T53A1</description>
      <tags/>
      <level>9</level>
      <notInShop>true</notInShop>
      <price>0</price>
      <impulse>0.68</impulse>
      <recoil>
        <lodDist>MEDIUM</lodDist>
        <amplitude>0.62</amplitude>
        <backoffTime>0.1</backoffTime>
        <returnTime>0.58</returnTime>
      </recoil>
      <effects>shot_large</effects>
      <pitchLimits>-15 11</pitchLimits>
      <rotationSpeed>26.25</rotationSpeed>
      <reloadTime>12.0</reloadTime>
      <maxAmmo>22</maxAmmo>
      <aimingTime>2.62857142857143</aimingTime>
      <weight>2790</weight>
      <maxHealth>200</maxHealth>
      <maxRegenHealth>100</maxRegenHealth>
      <repairCost>8</repairCost>
      <shotDispersionRadius>0.35</shotDispersionRadius>
      <shotDispersionFactors>
        <turretRotation>0.08</turretRotation>
        <afterShot>4.0</afterShot>
        <whileGunDamaged>2.0</whileGunDamaged>
      </shotDispersionFactors>
      <shots>
        <_120mm_AP_T42>
          <defaultPortion>0.60</defaultPortion>
          <speed>945</speed>
          <gravity>9.81</gravity>
          <maxDistance>720</maxDistance>
          <piercingPower>248 238</piercingPower>
        </_120mm_AP_T42>
        <_120mm_APCR_T62>
          <defaultPortion>0.0</defaultPortion>
          <speed>1181</speed>
          <gravity>9.81</gravity>
          <maxDistance>720</maxDistance>
          <piercingPower>297 255</piercingPower>
        </_120mm_APCR_T62>
        <_120mm_HE-T67>
          <defaultPortion>0.40</defaultPortion>
          <speed>945</speed>
          <gravity>9.81</gravity>
          <maxDistance>720</maxDistance>
          <piercingPower>60 60</piercingPower>
        </_120mm_HE-T67>
      </shots>
    </_120mm_Gun_T53A1_Freedom>
    <_105mm_SPH_M4_L23>
      <userString>#usa_vehicles:_105mm_SPH_M4_L23</userString>
      <description>#usa_vehicles:_105mm_SPH_M4_L23</description>
      <tags/>
      <level>5</level>
      <price>0</price>
      <impulse>0.48</impulse>
      <recoil>
        <lodDist>MEDIUM</lodDist>
        <amplitude>0.24</amplitude>
        <backoffTime>0.1</backoffTime>
        <returnTime>0.44</returnTime>
      </recoil>
      <effects>shot_main</effects>
      <pitchLimits>-20 10</pitchLimits>
      <rotationSpeed>35.0</rotationSpeed>
      <reloadTime>8</reloadTime>
      <maxAmmo>46</maxAmmo>
      <aimingTime>2.28571428571429</aimingTime>
      <weight>2600</weight>
      <maxHealth>150</maxHealth>
      <maxRegenHealth>75</maxRegenHealth>
      <repairCost>8</repairCost>
      <shotDispersionRadius>0.548571428571429</shotDispersionRadius>
      <shotDispersionFactors>
        <turretRotation>0.16</turretRotation>
        <afterShot>4.0</afterShot>
        <whileGunDamaged>2.0</whileGunDamaged>
      </shotDispersionFactors>
      <shots>
        <_105mm_HE_M1>
          <defaultPortion>1</defaultPortion>
          <speed>472</speed>
          <gravity>9.81</gravity>
          <maxDistance>720</maxDistance>
          <piercingPower>30 30</piercingPower>
        </_105mm_HE_M1>
        <_105mm_HEAT_M67>
          <defaultPortion>0.0</defaultPortion>
          <speed>381</speed>
          <gravity>9.81</gravity>
          <maxDistance>720</maxDistance>
          <piercingPower>101.6 101.6</piercingPower>
        </_105mm_HEAT_M67>
      </shots>
    </_105mm_SPH_M4_L23>
    <_75mm_Gun_M3_L37A>
      <userString>#usa_vehicles:_75mm_Gun_M3_L37</userString>
      <description>#usa_vehicles:_75mm_Gun_M3_L37</description>
      <tags/>
      <level>4</level>
      <price>0</price>
      <notInShop>true</notInShop>
      <impulse>0.48</impulse>
      <recoil>
        <lodDist>MEDIUM</lodDist>
        <amplitude>0.36</amplitude>
        <backoffTime>0.1</backoffTime>
        <returnTime>0.4</returnTime>
      </recoil>
      <effects>shot_medium</effects>
      <pitchLimits>-25 10</pitchLimits>
      <rotationSpeed>40.25</rotationSpeed>
      <reloadTime>3.80571428571429</reloadTime>
      <maxAmmo>90</maxAmmo>
      <aimingTime>2.05714285714286</aimingTime>
      <weight>1437</weight>
      <maxHealth>114</maxHealth>
      <maxRegenHealth>57</maxRegenHealth>
      <repairCost>5</repairCost>
      <shotDispersionRadius>0.457142857142857</shotDispersionRadius>
      <shotDispersionFactors>
        <turretRotation>0.16</turretRotation>
        <afterShot>4.0</afterShot>
        <whileGunDamaged>2.0</whileGunDamaged>
      </shotDispersionFactors>
      <shots>
        <_75mm_M61>
          <defaultPortion>0.8</defaultPortion>
          <speed>619</speed>
          <gravity>9.81</gravity>
          <maxDistance>720</maxDistance>
          <piercingPower>92 80</piercingPower>
        </_75mm_M61>
        <_75mm_M72>
          <defaultPortion>0.0</defaultPortion>
          <speed>774</speed>
          <gravity>9.81</gravity>
          <maxDistance>720</maxDistance>
          <piercingPower>127 97</piercingPower>
        </_75mm_M72>
        <_75mm_M48>
          <defaultPortion>0.2</defaultPortion>
          <speed>619</speed>
          <gravity>9.81</gravity>
          <maxDistance>720</maxDistance>
          <piercingPower>20 20</piercingPower>
        </_75mm_M48>
      </shots>
    </_75mm_Gun_M3_L37A>
    <_75mm_Gun_M2_L28>
      <userString>#usa_vehicles:_75mm_Gun_M2_L28</userString>
      <description>#usa_vehicles:_75mm_Gun_M2_L28</description>
      <tags/>
      <level>4</level>
      <price>0</price>
      <impulse>0.48</impulse>
      <recoil>
        <lodDist>MEDIUM</lodDist>
        <amplitude>0.36</amplitude>
        <backoffTime>0.1</backoffTime>
        <returnTime>0.4</returnTime>
      </recoil>
      <effects>shot_medium</effects>
      <pitchLimits>-25 10</pitchLimits>
      <turretYawLimits>-180 180</turretYawLimits>
      <rotationSpeed>40.25</rotationSpeed>
      <reloadTime>3.80571428571429</reloadTime>
      <maxAmmo>46</maxAmmo>
      <aimingTime>1.82857142857143</aimingTime>
      <weight>1237</weight>
      <maxHealth>114</maxHealth>
      <maxRegenHealth>57</maxRegenHealth>
      <repairCost>5</repairCost>
      <shotDispersionRadius>0.468571428571429</shotDispersionRadius>
      <shotDispersionFactors>
        <turretRotation>0.08</turretRotation>
        <afterShot>3.0</afterShot>
        <whileGunDamaged>2.0</whileGunDamaged>
      </shotDispersionFactors>
      <shots>
        <_75mm_M61>
          <defaultPortion>0.8</defaultPortion>
          <speed>588</speed>
          <gravity>9.81</gravity>
          <maxDistance>720</maxDistance>
          <piercingPower>90 78</piercingPower>
        </_75mm_M61>
        <_75mm_M72>
          <defaultPortion>0.0</defaultPortion>
          <speed>735</speed>
          <gravity>9.81</gravity>
          <maxDistance>720</maxDistance>
          <piercingPower>125 95</piercingPower>
        </_75mm_M72>
        <_75mm_M48>
          <defaultPortion>0.2</defaultPortion>
          <speed>588</speed>
          <gravity>9.81</gravity>
          <maxDistance>720</maxDistance>
          <piercingPower>38 38</piercingPower>
        </_75mm_M48>
      </shots>
    </_75mm_Gun_M2_L28>
    <_12.7mm_MG_HB_M2_A>
      <userString>#usa_vehicles:_12.7mm_MG_HB_M2</userString>
      <tags/>
      <level>1</level>
      <price>0</price>
      <notInShop>true</notInShop>
      <impulse>0.08</impulse>
      <recoil>
        <lodDist>MEDIUM</lodDist>
        <amplitude>0.04</amplitude>
        <backoffTime>0.1</backoffTime>
        <returnTime>0.1</returnTime>
      </recoil>
      <effects>shot_auto</effects>
      <pitchLimits>-15 6</pitchLimits>
      <rotationSpeed>43.75</rotationSpeed>
      <reloadTime>1.5</reloadTime>
      <maxAmmo>1800</maxAmmo>
      <aimingTime>1.7</aimingTime>
      <clip>
        <count>40</count>
        <rate>450</rate>
      </clip>
      <burst>
        <count>5</count>
        <rate>450</rate>
      </burst>
      <weight>38</weight>
      <maxHealth>30</maxHealth>
      <maxRegenHealth>15</maxRegenHealth>
      <repairCost>1</repairCost>
      <shotDispersionRadius>0.57</shotDispersionRadius>
      <shotDispersionFactors>
        <turretRotation>0.08</turretRotation>
        <afterShot>1.1</afterShot>
        <whileGunDamaged>2.0</whileGunDamaged>
      </shotDispersionFactors>
      <shots>
        <_12.7mm_AP_M2>
          <defaultPortion>1.0</defaultPortion>
          <speed>895</speed>
          <gravity>9.81</gravity>
          <maxDistance>400</maxDistance>
          <piercingPower>27 18</piercingPower>
        </_12.7mm_AP_M2>
      </shots>
    </_12.7mm_MG_HB_M2_A>
  </shared>
</root>