<root>
	<shot_auto>
		<stages>
			<shooting>4.0</shooting>
		</stages>
		<effects>
			<pixie>
				<startKey>shooting</startKey>
				<file>particles/Tank/shot_small_01.xml</file>
				<force>1</force>
				<position>HP_gunFire</position>
			</pixie>
			<sound>
				<startKey>shooting</startKey>
				<name>/tanks/guns/gun_automatic/gun_automatic_12-23mm</name>
			</sound>
		</effects>
		<blitz>
			<soundPC>guns/gun_automatic/gun_automatic_12-23mm_pc</soundPC>
			<soundNPC>guns/gun_automatic/gun_automatic_12-23mm_npc</soundNPC>
			<soundCannonade>guns/cannonade/cannonade_small</soundCannonade>
			<effect>~res:/3d/FX/gun_effects/shot_auto.sc2</effect>
		</blitz>
	</shot_auto>
	<shot_Breda_auto>
		<stages>
			<shooting>4.0</shooting>
		</stages>
		<effects>
			<pixie>
				<startKey>shooting</startKey>
				<file>particles/Tank/shot_small_01.xml</file>
				<force>1</force>
				<position>HP_gunFire</position>
			</pixie>
			<sound>
				<startKey>shooting</startKey>
				<name>/tanks/guns/gun_automatic/gun_automatic_12-23mm</name>
			</sound>
		</effects>
		<blitz>
			<soundPC>guns/gun_automatic/12_25mm_pc</soundPC>
			<soundNPC>guns/gun_automatic/12_25mm_npc</soundNPC>
			<soundCannonade>guns/cannonade/cannonade_small</soundCannonade>
			<effect>~res:/3d/FX/gun_effects/shot_Breda_auto.sc2</effect>
		</blitz>
	</shot_Breda_auto>
	<shot_MTLS_auto>
		<stages>
			<shooting>4.0</shooting>
		</stages>
		<effects>
			<pixie>
				<startKey>shooting</startKey>
				<file>particles/Tank/shot_MTLS.xml</file>
				<force>1</force>
				<position>HP_gunFire</position>
			</pixie>
			<sound>
				<startKey>shooting</startKey>
				<name>/tanks/guns/gun_automatic/gun_automatic_12-23mm</name>
			</sound>
		</effects>
		<blitz>
			<soundPC>guns/gun_automatic/12_25mm_pc</soundPC>
			<soundNPC>guns/gun_automatic/12_25mm_npc</soundNPC>
			<soundCannonade>guns/cannonade/cannonade_small</soundCannonade>
			<effect>~res:/3d/FX/gun_effects/shot_MTLS_auto.sc2</effect>
		</blitz>
	</shot_MTLS_auto>
	<shot_TNSH_auto>
		<stages>
			<shooting>4.0</shooting>
		</stages>
		<effects>
			<pixie>
				<startKey>shooting</startKey>
				<file>particles/Tank/shot_TNSH.xml</file>
				<force>1</force>
				<position>HP_gunFire</position>
			</pixie>
			<sound>
				<startKey>shooting</startKey>
				<name>/tanks/guns/gun_automatic/gun_automatic_12-23mm</name>
			</sound>
		</effects>
		<blitz>
			<soundPC>guns/gun_automatic/gun_automatic_12-23mm_pc</soundPC>
			<soundNPC>guns/gun_automatic/gun_automatic_12-23mm_npc</soundNPC>
			<soundCannonade>guns/cannonade/cannonade_small</soundCannonade>
			<effect>~res:/3d/FX/gun_effects/shot_TNSH_auto.sc2</effect>
		</blitz>
	</shot_TNSH_auto>
	<shot_Gochkins_auto>
		<stages>
			<shooting>4.0</shooting>
		</stages>
		<effects>
			<pixie>
				<startKey>shooting</startKey>
				<file>particles/Tank/shot_TNSH.xml</file>
				<force>1</force>
				<position>HP_gunFire</position>
			</pixie>
			<sound>
				<startKey>shooting</startKey>
				<name>/tanks/guns/gun_automatic/gun_automatic_12-23mm</name>
			</sound>
		</effects>
		<blitz>
			<soundPC>guns/gun_automatic/12_25mm_pc</soundPC>
			<soundNPC>guns/gun_automatic/12_25mm_npc</soundNPC>
			<soundCannonade>guns/cannonade/cannonade_small</soundCannonade>
			<effect>~res:/3d/FX/gun_effects/shot_Gochkins_auto.sc2</effect>
		</blitz>
	</shot_Gochkins_auto>
	<shot_small>
		<stages>
			<shooting>4.0</shooting>
		</stages>
		<effects>
			<pixie>
				<startKey>shooting</startKey>
				<file>particles/Tank/shot_medium_01.xml</file>
				<force>1</force>
				<position>HP_gunFire</position>
			</pixie>
			<sound>
				<startKey>shooting</startKey>
				<name>/tanks/guns/gun_small/gun_small_20-45mm</name>
			</sound>
		</effects>
		<blitz>
			<soundPC>guns/gun_small/gun_small_20-45mm_pc</soundPC>
			<soundNPC>guns/gun_small/gun_small_20-45mm_npc</soundNPC>
			<soundCannonade>guns/cannonade/cannonade_small</soundCannonade>
			<effect>~res:/3d/FX/gun_effects/shot_small.sc2</effect>
		</blitz>
	</shot_small>
	<shot_small_mb>
		<stages>
			<shooting>4.0</shooting>
		</stages>
		<effects>
			<pixie>
				<startKey>shooting</startKey>
				<file>particles/Tank/shot_medium_02.xml</file>
				<force>1</force>
				<position>HP_gunFire</position>
			</pixie>
			<sound>
				<startKey>shooting</startKey>
				<name>/tanks/guns/gun_small/gun_small_20-45mm_mb</name>
			</sound>
		</effects>
		<blitz>
			<soundPC>guns/gun_small/gun_small_20-45mm_pc</soundPC>
			<soundNPC>guns/gun_small/gun_small_20-45mm_npc</soundNPC>
			<soundCannonade>guns/cannonade/cannonade_small</soundCannonade>
			<effect>~res:/3d/FX/gun_effects/shot_small_mb.sc2</effect>
		</blitz>
	</shot_small_mb>
	<shot_KwK_L46>
		<stages>
			<shooting>4.0</shooting>
		</stages>
		<effects>
			<pixie>
				<startKey>shooting</startKey>
				<file>particles/Tank/shot_medium_01.xml</file>
				<force>1</force>
				<position>HP_gunFire</position>
			</pixie>
			<sound>
				<startKey>shooting</startKey>
				<name>/tanks/guns/gun_small/gun_small_20-45mm</name>
			</sound>
		</effects>
		<blitz>
			<soundPC>guns/gun_small/gun_small_20-45mm_pc</soundPC>
			<soundNPC>guns/gun_small/gun_small_20-45mm_npc</soundNPC>
			<soundCannonade>guns/cannonade/cannonade_small</soundCannonade>
			<effect>~res:/3d/FX/gun_effects/shot_KwK_L46.sc2</effect>
		</blitz>
	</shot_KwK_L46>
	<shot_medium>
		<stages>
			<shooting>4.0</shooting>
		</stages>
		<effects>
			<pixie>
				<startKey>shooting</startKey>
				<file>particles/Tank/shot_medium_01.xml</file>
				<force>1</force>
				<position>HP_gunFire</position>
			</pixie>
			<sound>
				<startKey>shooting</startKey>
				<name>/tanks/guns/gun_medium/gun_medium_50-75mm</name>
			</sound>
		</effects>
		<blitz>
			<soundPC>guns/gun_medium/gun_medium_50-75mm_pc</soundPC>
			<soundNPC>guns/gun_medium/gun_medium_50-75mm_npc</soundNPC>
			<soundCannonade>guns/cannonade/cannonade_medium</soundCannonade>
			<effect>~res:/3d/FX/gun_effects/shot_medium.sc2</effect>
		</blitz>
	</shot_medium>
	<shot_medium_mb>
		<stages>
			<shooting>4.0</shooting>
		</stages>
		<effects>
			<pixie>
				<startKey>shooting</startKey>
				<file>particles/Tank/shot_medium_02.xml</file>
				<force>1</force>
				<position>HP_gunFire</position>
			</pixie>
			<sound>
				<startKey>shooting</startKey>
				<name>/tanks/guns/gun_medium/gun_medium_50-75mm_mb</name>
			</sound>
		</effects>
		<blitz>
			<soundPC>guns/gun_medium/gun_medium_50-75mm_pc</soundPC>
			<soundNPC>guns/gun_medium/gun_medium_50-75mm_npc</soundNPC>
			<soundCannonade>guns/cannonade/cannonade_medium</soundCannonade>
			<effect>~res:/3d/FX/gun_effects/shot_medium_mb.sc2</effect>
		</blitz>
	</shot_medium_mb>
	<shot_main>
		<stages>
			<shooting>6.0</shooting>
		</stages>
		<effects>
			<pixie>
				<startKey>shooting</startKey>
				<file>particles/Tank/shot_main_01.xml</file>
				<force>1</force>
				<position>HP_gunFire</position>
			</pixie>
			<sound>
				<startKey>shooting</startKey>
				<name>/tanks/guns/gun_main/gun_main_85-107mm</name>
			</sound>
		</effects>
		<blitz>
			<soundPC>guns/gun_main/gun_main_85-107mm_pc</soundPC>
			<soundNPC>guns/gun_main/gun_main_85-107mm_npc</soundNPC>
			<soundCannonade>guns/cannonade/cannonade_medium</soundCannonade>
			<effect>~res:/3d/FX/gun_effects/shot_main.sc2</effect>
		</blitz>
	</shot_main>
	<shot_main_mb>
		<stages>
			<shooting>6.0</shooting>
		</stages>
		<effects>
			<pixie>
				<startKey>shooting</startKey>
				<file>particles/Tank/shot_main_02.xml</file>
				<force>1</force>
				<position>HP_gunFire</position>
			</pixie>
			<sound>
				<startKey>shooting</startKey>
				<name>/tanks/guns/gun_main/gun_main_85-107mm_mb</name>
			</sound>
		</effects>
		<blitz>
			<soundPC>guns/gun_main/gun_main_85-107mm_pc</soundPC>
			<soundNPC>guns/gun_main/gun_main_85-107mm_npc</soundNPC>
			<soundCannonade>guns/cannonade/cannonade_medium</soundCannonade>
			<effect>~res:/3d/FX/gun_effects/shot_main_mb.sc2</effect>
		</blitz>
	</shot_main_mb>
	<shot_large>
		<stages>
			<shooting>6.0</shooting>
		</stages>
		<effects>
			<pixie>
				<startKey>shooting</startKey>
				<file>particles/Tank/shot_large_01.xml</file>
				<force>1</force>
				<position>HP_gunFire</position>
			</pixie>
			<sound>
				<startKey>shooting</startKey>
				<name>/tanks/guns/gun_large/gun_large_115-152mm</name>
			</sound>
		</effects>
		<blitz>
			<soundPC>guns/gun_large/gun_large_115-152mm_pc</soundPC>
			<soundNPC>guns/gun_large/gun_large_115-152mm_npc</soundNPC>
			<soundCannonade>guns/cannonade/cannonade_large</soundCannonade>
			<effect>~res:/3d/FX/gun_effects/shot_large.sc2</effect>
		</blitz>
	</shot_large>
	<shot_large_mb>
		<stages>
			<shooting>6.0</shooting>
		</stages>
		<effects>
			<pixie>
				<startKey>shooting</startKey>
				<file>particles/Tank/shot_large_02.xml</file>
				<force>1</force>
				<position>HP_gunFire</position>
			</pixie>
			<sound>
				<startKey>shooting</startKey>
				<name>/tanks/guns/gun_large/gun_large_115-152mm_mb</name>
			</sound>
		</effects>
		<blitz>
			<soundPC>guns/gun_large/gun_large_115-152mm_pc</soundPC>
			<soundNPC>guns/gun_large/gun_large_115-152mm_npc</soundNPC>
			<soundCannonade>guns/cannonade/cannonade_large</soundCannonade>
			<effect>~res:/3d/FX/gun_effects/shot_large_mb.sc2</effect>
		</blitz>
	</shot_large_mb>
	<shot_huge>
		<stages>
			<shooting>6.0</shooting>
		</stages>
		<effects>
			<pixie>
				<startKey>shooting</startKey>
				<file>particles/Tank/shot_huge_01.xml</file>
				<force>1</force>
				<position>HP_gunFire</position>
			</pixie>
			<sound>
				<startKey>shooting</startKey>
				<name>/tanks/guns/gun_huge/gun_huge_152mm</name>
			</sound>
		</effects>
		<blitz>
			<soundPC>guns/gun_huge/gun_huge_152mm_pc</soundPC>
			<soundNPC>guns/gun_huge/gun_huge_152mm_npc</soundNPC>
			<soundCannonade>guns/cannonade/cannonade_large</soundCannonade>
			<effect>~res:/3d/FX/gun_effects/shot_huge.sc2</effect>
		</blitz>
	</shot_huge>
	<shot_huge_mb>
		<stages>
			<shooting>6.0</shooting>
		</stages>
		<effects>
			<pixie>
				<startKey>shooting</startKey>
				<file>particles/Tank/shot_huge_01.xml</file>
				<force>1</force>
				<position>HP_gunFire</position>
			</pixie>
			<sound>
				<startKey>shooting</startKey>
				<name>/tanks/guns/gun_huge/gun_huge_152mm_mb</name>
			</sound>
		</effects>
		<blitz>
			<soundPC>guns/gun_huge/gun_huge_152mm_pc</soundPC>
			<soundNPC>guns/gun_huge/gun_huge_152mm_npc</soundNPC>
			<soundCannonade>guns/cannonade/cannonade_large</soundCannonade>
			<effect>~res:/3d/FX/gun_effects/shot_huge_mb.sc2</effect>
		</blitz>
	</shot_huge_mb>
	<shot_auto_12_25mm>
		<stages>
			<shooting>4.0</shooting>
		</stages>
		<effects>
			<pixie>
				<startKey>shooting</startKey>
				<file>particles/Tank/shot_small_01.xml</file>
				<force>1</force>
				<position>HP_gunFire</position>
			</pixie>
			<sound>
				<startKey>shooting</startKey>
				<name>/tanks/guns/gun_automatic/gun_automatic_12-23mm</name>
			</sound>
		</effects>
		<blitz>
			<soundPC>guns/gun_automatic/12_25mm_pc</soundPC>
			<soundNPC>guns/gun_automatic/12_25mm_npc</soundNPC>
			<soundCannonade>guns/cannonade/cannonade_small</soundCannonade>
			<effect>~res:/3d/FX/gun_effects/shot_auto.sc2</effect>
		</blitz>
	</shot_auto_12_25mm>
	<shot_20mm_TNSH>
		<stages>
			<shooting>4.0</shooting>
		</stages>
		<effects>
			<pixie>
				<startKey>shooting</startKey>
				<file>particles/Tank/shot_small_01.xml</file>
				<force>1</force>
				<position>HP_gunFire</position>
			</pixie>
			<sound>
				<startKey>shooting</startKey>
				<name>/tanks/guns/gun_automatic/gun_automatic_12-23mm</name>
			</sound>
		</effects>
		<blitz>
			<soundPC>guns/gun_automatic/20mm_TNSH_pc</soundPC>
			<soundNPC>guns/gun_automatic/20mm_TNSH_npc</soundNPC>
			<soundCannonade>guns/cannonade/cannonade_small</soundCannonade>
			<effect>~res:/3d/FX/gun_effects/shot_TNSH_auto.sc2</effect>
		</blitz>
	</shot_20mm_TNSH>
	<shot_20mm_KwK30>
		<stages>
			<shooting>4.0</shooting>
		</stages>
		<effects>
			<pixie>
				<startKey>shooting</startKey>
				<file>particles/Tank/shot_small_01.xml</file>
				<force>1</force>
				<position>HP_gunFire</position>
			</pixie>
			<sound>
				<startKey>shooting</startKey>
				<name>/tanks/guns/gun_automatic/gun_automatic_12-23mm</name>
			</sound>
		</effects>
		<blitz>
			<soundPC>guns/gun_automatic/20mm_KwK30_pc</soundPC>
			<soundNPC>guns/gun_automatic/20mm_KwK30_npc</soundNPC>
			<soundCannonade>guns/cannonade/cannonade_small</soundCannonade>
			<effect>~res:/3d/FX/gun_effects/shot_auto.sc2</effect>
		</blitz>
	</shot_20mm_KwK30>
	<shot_25mm>
		<stages>
			<shooting>4.0</shooting>
		</stages>
		<effects>
			<pixie>
				<startKey>shooting</startKey>
				<file>particles/Tank/shot_small_01.xml</file>
				<force>1</force>
				<position>HP_gunFire</position>
			</pixie>
			<sound>
				<startKey>shooting</startKey>
				<name>/tanks/guns/gun_automatic/gun_automatic_12-23mm</name>
			</sound>
		</effects>
		<blitz>
			<soundPC>guns/gun_automatic/25mm_pc</soundPC>
			<soundNPC>guns/gun_automatic/25mm_npc</soundNPC>
			<soundCannonade>guns/cannonade/cannonade_small</soundCannonade>
			<effect>~res:/3d/FX/gun_effects/shot_auto.sc2</effect>
		</blitz>
	</shot_25mm>
	<shot_30mm>
		<stages>
			<shooting>4.0</shooting>
		</stages>
		<effects>
			<pixie>
				<startKey>shooting</startKey>
				<file>particles/Tank/shot_medium_01.xml</file>
				<force>1</force>
				<position>HP_gunFire</position>
			</pixie>
			<sound>
				<startKey>shooting</startKey>
				<name>/tanks/guns/gun_small/gun_small_20-45mm</name>
			</sound>
		</effects>
		<blitz>
			<soundPC>guns/gun_small/30mm_pc</soundPC>
			<soundNPC>guns/gun_small/30mm_npc</soundNPC>
			<soundCannonade>guns/cannonade/cannonade_small</soundCannonade>
			<effect>~res:/3d/FX/gun_effects/shot_small.sc2</effect>
		</blitz>
	</shot_30mm>
	<shot_30mm_mb>
		<stages>
			<shooting>4.0</shooting>
		</stages>
		<effects>
			<pixie>
				<startKey>shooting</startKey>
				<file>particles/Tank/shot_medium_02.xml</file>
				<force>1</force>
				<position>HP_gunFire</position>
			</pixie>
			<sound>
				<startKey>shooting</startKey>
				<name>/tanks/guns/gun_small/gun_small_20-45mm_mb</name>
			</sound>
		</effects>
		<blitz>
			<soundPC>guns/gun_small/30mm_pc</soundPC>
			<soundNPC>guns/gun_small/30mm_npc</soundNPC>
			<soundCannonade>guns/cannonade/cannonade_small</soundCannonade>
			<effect>~res:/3d/FX/gun_effects/shot_small_mb.sc2</effect>
		</blitz>
	</shot_30mm_mb>
	<shot_37mm>
		<stages>
			<shooting>4.0</shooting>
		</stages>
		<effects>
			<pixie>
				<startKey>shooting</startKey>
				<file>particles/Tank/shot_medium_01.xml</file>
				<force>1</force>
				<position>HP_gunFire</position>
			</pixie>
			<sound>
				<startKey>shooting</startKey>
				<name>/tanks/guns/gun_small/gun_small_20-45mm</name>
			</sound>
		</effects>
		<blitz>
			<soundPC>guns/gun_small/37mm_pc</soundPC>
			<soundNPC>guns/gun_small/37mm_npc</soundNPC>
			<soundCannonade>guns/cannonade/cannonade_small</soundCannonade>
			<effect>~res:/3d/FX/gun_effects/shot_small.sc2</effect>
		</blitz>
	</shot_37mm>
	<shot_37mm_mb>
		<stages>
			<shooting>4.0</shooting>
		</stages>
		<effects>
			<pixie>
				<startKey>shooting</startKey>
				<file>particles/Tank/shot_medium_02.xml</file>
				<force>1</force>
				<position>HP_gunFire</position>
			</pixie>
			<sound>
				<startKey>shooting</startKey>
				<name>/tanks/guns/gun_small/gun_small_20-45mm_mb</name>
			</sound>
		</effects>
		<blitz>
			<soundPC>guns/gun_small/37mm_pc</soundPC>
			<soundNPC>guns/gun_small/37mm_npc</soundNPC>
			<soundCannonade>guns/cannonade/cannonade_small</soundCannonade>
			<effect>~res:/3d/FX/gun_effects/shot_small_mb.sc2</effect>
		</blitz>
	</shot_37mm_mb>
	<shot_37mm_FLAK>
		<stages>
			<shooting>4.0</shooting>
		</stages>
		<effects>
			<pixie>
				<startKey>shooting</startKey>
				<file>particles/Tank/shot_medium_01.xml</file>
				<force>1</force>
				<position>HP_gunFire</position>
			</pixie>
			<sound>
				<startKey>shooting</startKey>
				<name>/tanks/guns/gun_small/gun_small_20-45mm</name>
			</sound>
		</effects>
		<blitz>
			<soundPC>guns/gun_small/37mm_FLAK_pc</soundPC>
			<soundNPC>guns/gun_small/37mm_FLAK_npc</soundNPC>
			<soundCannonade>guns/cannonade/cannonade_small</soundCannonade>
			<effect>~res:/3d/FX/gun_effects/shot_small.sc2</effect>
		</blitz>
	</shot_37mm_FLAK>
	<shot_37mm_FLAK_mb>
		<stages>
			<shooting>4.0</shooting>
		</stages>
		<effects>
			<pixie>
				<startKey>shooting</startKey>
				<file>particles/Tank/shot_medium_02.xml</file>
				<force>1</force>
				<position>HP_gunFire</position>
			</pixie>
			<sound>
				<startKey>shooting</startKey>
				<name>/tanks/guns/gun_small/gun_small_20-45mm_mb</name>
			</sound>
		</effects>
		<blitz>
			<soundPC>guns/gun_small/37mm_FLAK_pc</soundPC>
			<soundNPC>guns/gun_small/37mm_FLAK_npc</soundNPC>
			<soundCannonade>guns/cannonade/cannonade_small</soundCannonade>
			<effect>~res:/3d/FX/gun_effects/shot_small_mb.sc2</effect>
		</blitz>
	</shot_37mm_FLAK_mb>
	<shot_37mm_SH37>
		<stages>
			<shooting>4.0</shooting>
		</stages>
		<effects>
			<pixie>
				<startKey>shooting</startKey>
				<file>particles/Tank/shot_medium_01.xml</file>
				<force>1</force>
				<position>HP_gunFire</position>
			</pixie>
			<sound>
				<startKey>shooting</startKey>
				<name>/tanks/guns/gun_small/gun_small_20-45mm</name>
			</sound>
		</effects>
		<blitz>
			<soundPC>guns/gun_small/37mm_SH37_pc</soundPC>
			<soundNPC>guns/gun_small/37mm_SH37_npc</soundNPC>
			<soundCannonade>guns/cannonade/cannonade_small</soundCannonade>
			<effect>~res:/3d/FX/gun_effects/shot_small.sc2</effect>
		</blitz>
	</shot_37mm_SH37>
	<shot_37mm_SH37_mb>
		<stages>
			<shooting>4.0</shooting>
		</stages>
		<effects>
			<pixie>
				<startKey>shooting</startKey>
				<file>particles/Tank/shot_medium_02.xml</file>
				<force>1</force>
				<position>HP_gunFire</position>
			</pixie>
			<sound>
				<startKey>shooting</startKey>
				<name>/tanks/guns/gun_small/gun_small_20-45mm_mb</name>
			</sound>
		</effects>
		<blitz>
			<soundPC>guns/gun_small/37mm_SH37_pc</soundPC>
			<soundNPC>guns/gun_small/37mm_SH37_npc</soundNPC>
			<soundCannonade>guns/cannonade/cannonade_small</soundCannonade>
			<effect>~res:/3d/FX/gun_effects/shot_small_mb.sc2</effect>
		</blitz>
	</shot_37mm_SH37_mb>
	<shot_37mm_KwK36>
		<stages>
			<shooting>4.0</shooting>
		</stages>
		<effects>
			<pixie>
				<startKey>shooting</startKey>
				<file>particles/Tank/shot_medium_01.xml</file>
				<force>1</force>
				<position>HP_gunFire</position>
			</pixie>
			<sound>
				<startKey>shooting</startKey>
				<name>/tanks/guns/gun_small/gun_small_20-45mm</name>
			</sound>
		</effects>
		<blitz>
			<soundPC>guns/gun_small/37mm_KwK36_pc</soundPC>
			<soundNPC>guns/gun_small/37mm_KwK36_npc</soundNPC>
			<soundCannonade>guns/cannonade/cannonade_small</soundCannonade>
			<effect>~res:/3d/FX/gun_effects/shot_KwK_L46.sc2</effect>
		</blitz>
	</shot_37mm_KwK36>
	<shot_40mm_QF2>
		<stages>
			<shooting>4.0</shooting>
		</stages>
		<effects>
			<pixie>
				<startKey>shooting</startKey>
				<file>particles/Tank/shot_medium_01.xml</file>
				<force>1</force>
				<position>HP_gunFire</position>
			</pixie>
			<sound>
				<startKey>shooting</startKey>
				<name>/tanks/guns/gun_small/gun_small_20-45mm</name>
			</sound>
		</effects>
		<blitz>
			<soundPC>guns/gun_small/40mm_pc</soundPC>
			<soundNPC>guns/gun_small/40mm_npc</soundNPC>
			<soundCannonade>guns/cannonade/cannonade_small</soundCannonade>
			<effect>~res:/3d/FX/gun_effects/shot_small.sc2</effect>
		</blitz>
	</shot_40mm_QF2>
	<shot_40mm_QF2_mb>
		<stages>
			<shooting>4.0</shooting>
		</stages>
		<effects>
			<pixie>
				<startKey>shooting</startKey>
				<file>particles/Tank/shot_medium_02.xml</file>
				<force>1</force>
				<position>HP_gunFire</position>
			</pixie>
			<sound>
				<startKey>shooting</startKey>
				<name>/tanks/guns/gun_small/gun_small_20-45mm_mb</name>
			</sound>
		</effects>
		<blitz>
			<soundPC>guns/gun_small/40mm_pc</soundPC>
			<soundNPC>guns/gun_small/40mm_npc</soundNPC>
			<soundCannonade>guns/cannonade/cannonade_small</soundCannonade>
			<effect>~res:/3d/FX/gun_effects/shot_small_mb.sc2</effect>
		</blitz>
	</shot_40mm_QF2_mb>
	<shot_45mm>
		<stages>
			<shooting>4.0</shooting>
		</stages>
		<effects>
			<pixie>
				<startKey>shooting</startKey>
				<file>particles/Tank/shot_medium_01.xml</file>
				<force>1</force>
				<position>HP_gunFire</position>
			</pixie>
			<sound>
				<startKey>shooting</startKey>
				<name>/tanks/guns/gun_small/gun_small_20-45mm</name>
			</sound>
		</effects>
		<blitz>
			<soundPC>guns/gun_small/45mm_pc</soundPC>
			<soundNPC>guns/gun_small/45mm_npc</soundNPC>
			<soundCannonade>guns/cannonade/cannonade_small</soundCannonade>
			<effect>~res:/3d/FX/gun_effects/shot_small.sc2</effect>
		</blitz>
	</shot_45mm>
	<shot_45mm_mb>
		<stages>
			<shooting>4.0</shooting>
		</stages>
		<effects>
			<pixie>
				<startKey>shooting</startKey>
				<file>particles/Tank/shot_medium_02.xml</file>
				<force>1</force>
				<position>HP_gunFire</position>
			</pixie>
			<sound>
				<startKey>shooting</startKey>
				<name>/tanks/guns/gun_small/gun_small_20-45mm_mb</name>
			</sound>
		</effects>
		<blitz>
			<soundPC>guns/gun_small/45mm_pc</soundPC>
			<soundNPC>guns/gun_small/45mm_npc</soundNPC>
			<soundCannonade>guns/cannonade/cannonade_small</soundCannonade>
			<effect>~res:/3d/FX/gun_effects/shot_small_mb.sc2</effect>
		</blitz>
	</shot_45mm_mb>
	<shot_50mm>
		<stages>
			<shooting>4.0</shooting>
		</stages>
		<effects>
			<pixie>
				<startKey>shooting</startKey>
				<file>particles/Tank/shot_medium_01.xml</file>
				<force>1</force>
				<position>HP_gunFire</position>
			</pixie>
			<sound>
				<startKey>shooting</startKey>
				<name>/tanks/guns/gun_medium/gun_medium_50-75mm</name>
			</sound>
		</effects>
		<blitz>
			<soundPC>guns/gun_medium/50mm_pc</soundPC>
			<soundNPC>guns/gun_medium/50mm_npc</soundNPC>
			<soundCannonade>guns/cannonade/cannonade_medium</soundCannonade>
			<effect>~res:/3d/FX/gun_effects/shot_medium.sc2</effect>
		</blitz>
	</shot_50mm>
	<shot_50mm_mb>
		<stages>
			<shooting>4.0</shooting>
		</stages>
		<effects>
			<pixie>
				<startKey>shooting</startKey>
				<file>particles/Tank/shot_medium_02.xml</file>
				<force>1</force>
				<position>HP_gunFire</position>
			</pixie>
			<sound>
				<startKey>shooting</startKey>
				<name>/tanks/guns/gun_medium/gun_medium_50-75mm_mb</name>
			</sound>
		</effects>
		<blitz>
			<soundPC>guns/gun_medium/50mm_pc</soundPC>
			<soundNPC>guns/gun_medium/50mm_npc</soundNPC>
			<soundCannonade>guns/cannonade/cannonade_medium</soundCannonade>
			<effect>~res:/3d/FX/gun_effects/shot_medium_mb.sc2</effect>
		</blitz>
	</shot_50mm_mb>
	<shot_57mm>
		<stages>
			<shooting>4.0</shooting>
		</stages>
		<effects>
			<pixie>
				<startKey>shooting</startKey>
				<file>particles/Tank/shot_medium_01.xml</file>
				<force>1</force>
				<position>HP_gunFire</position>
			</pixie>
			<sound>
				<startKey>shooting</startKey>
				<name>/tanks/guns/gun_medium/gun_medium_50-75mm</name>
			</sound>
		</effects>
		<blitz>
			<soundPC>guns/gun_medium/57mm_pc</soundPC>
			<soundNPC>guns/gun_medium/57mm_npc</soundNPC>
			<soundCannonade>guns/cannonade/cannonade_medium</soundCannonade>
			<effect>~res:/3d/FX/gun_effects/shot_medium.sc2</effect>
		</blitz>
	</shot_57mm>
	<shot_57mm_mb>
		<stages>
			<shooting>4.0</shooting>
		</stages>
		<effects>
			<pixie>
				<startKey>shooting</startKey>
				<file>particles/Tank/shot_medium_02.xml</file>
				<force>1</force>
				<position>HP_gunFire</position>
			</pixie>
			<sound>
				<startKey>shooting</startKey>
				<name>/tanks/guns/gun_medium/gun_medium_50-75mm_mb</name>
			</sound>
		</effects>
		<blitz>
			<soundPC>guns/gun_medium/57mm_pc</soundPC>
			<soundNPC>guns/gun_medium/57mm_npc</soundNPC>
			<soundCannonade>guns/cannonade/cannonade_medium</soundCannonade>
			<effect>~res:/3d/FX/gun_effects/shot_medium_mb.sc2</effect>
		</blitz>
	</shot_57mm_mb>
	<shot_57mm_QF6>
		<stages>
			<shooting>4.0</shooting>
		</stages>
		<effects>
			<pixie>
				<startKey>shooting</startKey>
				<file>particles/Tank/shot_medium_01.xml</file>
				<force>1</force>
				<position>HP_gunFire</position>
			</pixie>
			<sound>
				<startKey>shooting</startKey>
				<name>/tanks/guns/gun_medium/gun_medium_50-75mm</name>
			</sound>
		</effects>
		<blitz>
			<soundPC>guns/gun_medium/57mm_QF6_pc</soundPC>
			<soundNPC>guns/gun_medium/57mm_QF6_npc</soundNPC>
			<soundCannonade>guns/cannonade/cannonade_medium</soundCannonade>
			<effect>~res:/3d/FX/gun_effects/shot_medium.sc2</effect>
		</blitz>
	</shot_57mm_QF6>
	<shot_57mm_QF6_mb>
		<stages>
			<shooting>4.0</shooting>
		</stages>
		<effects>
			<pixie>
				<startKey>shooting</startKey>
				<file>particles/Tank/shot_medium_02.xml</file>
				<force>1</force>
				<position>HP_gunFire</position>
			</pixie>
			<sound>
				<startKey>shooting</startKey>
				<name>/tanks/guns/gun_medium/gun_medium_50-75mm_mb</name>
			</sound>
		</effects>
		<blitz>
			<soundPC>guns/gun_medium/57mm_QF6_pc</soundPC>
			<soundNPC>guns/gun_medium/57mm_QF6_npc</soundNPC>
			<soundCannonade>guns/cannonade/cannonade_medium</soundCannonade>
			<effect>~res:/3d/FX/gun_effects/shot_medium_mb.sc2</effect>
		</blitz>
	</shot_57mm_QF6_mb>
	<shot_57mm_QF6_auto>
		<stages>
			<shooting>4.0</shooting>
		</stages>
		<effects>
			<pixie>
				<startKey>shooting</startKey>
				<file>particles/Tank/shot_medium_01.xml</file>
				<force>1</force>
				<position>HP_gunFire</position>
			</pixie>
			<sound>
				<startKey>shooting</startKey>
				<name>/tanks/guns/gun_medium/gun_medium_50-75mm</name>
			</sound>
		</effects>
		<blitz>
			<soundPC>guns/gun_medium/57mm_QF6_auto_pc</soundPC>
			<soundNPC>guns/gun_medium/57mm_QF6_npc</soundNPC>
			<soundCannonade>guns/cannonade/cannonade_medium</soundCannonade>
			<effect>~res:/3d/FX/gun_effects/shot_medium.sc2</effect>
		</blitz>
	</shot_57mm_QF6_auto>
	<shot_57mm_QF6_auto_mb>
		<stages>
			<shooting>4.0</shooting>
		</stages>
		<effects>
			<pixie>
				<startKey>shooting</startKey>
				<file>particles/Tank/shot_medium_02.xml</file>
				<force>1</force>
				<position>HP_gunFire</position>
			</pixie>
			<sound>
				<startKey>shooting</startKey>
				<name>/tanks/guns/gun_medium/gun_medium_50-75mm_mb</name>
			</sound>
		</effects>
		<blitz>
			<soundPC>guns/gun_medium/57mm_QF6_auto_pc</soundPC>
			<soundNPC>guns/gun_medium/57mm_QF6_npc</soundNPC>
			<soundCannonade>guns/cannonade/cannonade_medium</soundCannonade>
			<effect>~res:/3d/FX/gun_effects/shot_medium_mb.sc2</effect>
		</blitz>
	</shot_57mm_QF6_auto_mb>
	<shot_75mm_KwK40>
		<stages>
			<shooting>4.0</shooting>
		</stages>
		<effects>
			<pixie>
				<startKey>shooting</startKey>
				<file>particles/Tank/shot_medium_01.xml</file>
				<force>1</force>
				<position>HP_gunFire</position>
			</pixie>
			<sound>
				<startKey>shooting</startKey>
				<name>/tanks/guns/gun_medium/gun_medium_50-75mm</name>
			</sound>
		</effects>
		<blitz>
			<soundPC>guns/gun_medium/75mm_KwK40_pc</soundPC>
			<soundNPC>guns/gun_medium/75mm_KwK40_npc</soundNPC>
			<soundCannonade>guns/cannonade/cannonade_medium</soundCannonade>
			<effect>~res:/3d/FX/gun_effects/shot_medium.sc2</effect>
		</blitz>
	</shot_75mm_KwK40>
	<shot_75mm_KwK40_mb>
		<stages>
			<shooting>4.0</shooting>
		</stages>
		<effects>
			<pixie>
				<startKey>shooting</startKey>
				<file>particles/Tank/shot_medium_02.xml</file>
				<force>1</force>
				<position>HP_gunFire</position>
			</pixie>
			<sound>
				<startKey>shooting</startKey>
				<name>/tanks/guns/gun_medium/gun_medium_50-75mm_mb</name>
			</sound>
		</effects>
		<blitz>
			<soundPC>guns/gun_medium/75mm_KwK40_pc</soundPC>
			<soundNPC>guns/gun_medium/75mm_KwK40_npc</soundNPC>
			<soundCannonade>guns/cannonade/cannonade_medium</soundCannonade>
			<effect>~res:/3d/FX/gun_effects/shot_medium_mb.sc2</effect>
		</blitz>
	</shot_75mm_KwK40_mb>
	<shot_75mm_KwK40_auto>
		<stages>
			<shooting>4.0</shooting>
		</stages>
		<effects>
			<pixie>
				<startKey>shooting</startKey>
				<file>particles/Tank/shot_medium_01.xml</file>
				<force>1</force>
				<position>HP_gunFire</position>
			</pixie>
			<sound>
				<startKey>shooting</startKey>
				<name>/tanks/guns/gun_medium/gun_medium_50-75mm</name>
			</sound>
		</effects>
		<blitz>
			<soundPC>guns/gun_medium/75mm_KwK40_auto_pc</soundPC>
			<soundNPC>guns/gun_medium/75mm_KwK40_npc</soundNPC>
			<soundCannonade>guns/cannonade/cannonade_medium</soundCannonade>
			<effect>~res:/3d/FX/gun_effects/shot_medium.sc2</effect>
		</blitz>
	</shot_75mm_KwK40_auto>
	<shot_75mm_KwK40_auto_mb>
		<stages>
			<shooting>4.0</shooting>
		</stages>
		<effects>
			<pixie>
				<startKey>shooting</startKey>
				<file>particles/Tank/shot_medium_02.xml</file>
				<force>1</force>
				<position>HP_gunFire</position>
			</pixie>
			<sound>
				<startKey>shooting</startKey>
				<name>/tanks/guns/gun_medium/gun_medium_50-75mm_mb</name>
			</sound>
		</effects>
		<blitz>
			<soundPC>guns/gun_medium/75mm_KwK40_auto_pc</soundPC>
			<soundNPC>guns/gun_medium/75mm_KwK40_npc</soundNPC>
			<soundCannonade>guns/cannonade/cannonade_medium</soundCannonade>
			<effect>~res:/3d/FX/gun_effects/shot_medium_mb.sc2</effect>
		</blitz>
	</shot_75mm_KwK40_auto_mb>
	<shot_75mm_M3>
		<stages>
			<shooting>4.0</shooting>
		</stages>
		<effects>
			<pixie>
				<startKey>shooting</startKey>
				<file>particles/Tank/shot_medium_01.xml</file>
				<force>1</force>
				<position>HP_gunFire</position>
			</pixie>
			<sound>
				<startKey>shooting</startKey>
				<name>/tanks/guns/gun_medium/gun_medium_50-75mm</name>
			</sound>
		</effects>
		<blitz>
			<soundPC>guns/gun_medium/75mm_M3_pc</soundPC>
			<soundNPC>guns/gun_medium/75mm_M3_npc</soundNPC>
			<soundCannonade>guns/cannonade/cannonade_medium</soundCannonade>
			<effect>~res:/3d/FX/gun_effects/shot_medium.sc2</effect>
		</blitz>
	</shot_75mm_M3>
	<shot_75mm_M3_mb>
		<stages>
			<shooting>4.0</shooting>
		</stages>
		<effects>
			<pixie>
				<startKey>shooting</startKey>
				<file>particles/Tank/shot_medium_02.xml</file>
				<force>1</force>
				<position>HP_gunFire</position>
			</pixie>
			<sound>
				<startKey>shooting</startKey>
				<name>/tanks/guns/gun_medium/gun_medium_50-75mm_mb</name>
			</sound>
		</effects>
		<blitz>
			<soundPC>guns/gun_medium/75mm_M3_pc</soundPC>
			<soundNPC>guns/gun_medium/75mm_M3_npc</soundNPC>
			<soundCannonade>guns/cannonade/cannonade_medium</soundCannonade>
			<effect>~res:/3d/FX/gun_effects/shot_medium_mb.sc2</effect>
		</blitz>
	</shot_75mm_M3_mb>
	<shot_75mm_QF75>
		<stages>
			<shooting>4.0</shooting>
		</stages>
		<effects>
			<pixie>
				<startKey>shooting</startKey>
				<file>particles/Tank/shot_medium_01.xml</file>
				<force>1</force>
				<position>HP_gunFire</position>
			</pixie>
			<sound>
				<startKey>shooting</startKey>
				<name>/tanks/guns/gun_medium/gun_medium_50-75mm</name>
			</sound>
		</effects>
		<blitz>
			<soundPC>guns/gun_medium/75mm_QF75_pc</soundPC>
			<soundNPC>guns/gun_medium/75mm_QF75_npc</soundNPC>
			<soundCannonade>guns/cannonade/cannonade_medium</soundCannonade>
			<effect>~res:/3d/FX/gun_effects/shot_medium.sc2</effect>
		</blitz>
	</shot_75mm_QF75>
	<shot_75mm_QF75_mb>
		<stages>
			<shooting>4.0</shooting>
		</stages>
		<effects>
			<pixie>
				<startKey>shooting</startKey>
				<file>particles/Tank/shot_medium_02.xml</file>
				<force>1</force>
				<position>HP_gunFire</position>
			</pixie>
			<sound>
				<startKey>shooting</startKey>
				<name>/tanks/guns/gun_medium/gun_medium_50-75mm_mb</name>
			</sound>
		</effects>
		<blitz>
			<soundPC>guns/gun_medium/75mm_QF75_pc</soundPC>
			<soundNPC>guns/gun_medium/75mm_QF75_npc</soundNPC>
			<soundCannonade>guns/cannonade/cannonade_medium</soundCannonade>
			<effect>~res:/3d/FX/gun_effects/shot_medium_mb.sc2</effect>
		</blitz>
	</shot_75mm_QF75_mb>
	<shot_76mm_QF17>
		<stages>
			<shooting>4.0</shooting>
		</stages>
		<effects>
			<pixie>
				<startKey>shooting</startKey>
				<file>particles/Tank/shot_medium_01.xml</file>
				<force>1</force>
				<position>HP_gunFire</position>
			</pixie>
			<sound>
				<startKey>shooting</startKey>
				<name>/tanks/guns/gun_medium/gun_medium_50-75mm</name>
			</sound>
		</effects>
		<blitz>
			<soundPC>guns/gun_medium/76mm_QF17_pc</soundPC>
			<soundNPC>guns/gun_medium/76mm_QF17_npc</soundNPC>
			<soundCannonade>guns/cannonade/cannonade_medium</soundCannonade>
			<effect>~res:/3d/FX/gun_effects/shot_medium.sc2</effect>
		</blitz>
	</shot_76mm_QF17>
	<shot_76mm_QF17_mb>
		<stages>
			<shooting>4.0</shooting>
		</stages>
		<effects>
			<pixie>
				<startKey>shooting</startKey>
				<file>particles/Tank/shot_medium_02.xml</file>
				<force>1</force>
				<position>HP_gunFire</position>
			</pixie>
			<sound>
				<startKey>shooting</startKey>
				<name>/tanks/guns/gun_medium/gun_medium_50-75mm_mb</name>
			</sound>
		</effects>
		<blitz>
			<soundPC>guns/gun_medium/76mm_QF17_pc</soundPC>
			<soundNPC>guns/gun_medium/76mm_QF17_npc</soundNPC>
			<soundCannonade>guns/cannonade/cannonade_medium</soundCannonade>
			<effect>~res:/3d/FX/gun_effects/shot_medium_mb.sc2</effect>
		</blitz>
	</shot_76mm_QF17_mb>
	<shot_76mm_M1>
		<stages>
			<shooting>4.0</shooting>
		</stages>
		<effects>
			<pixie>
				<startKey>shooting</startKey>
				<file>particles/Tank/shot_medium_01.xml</file>
				<force>1</force>
				<position>HP_gunFire</position>
			</pixie>
			<sound>
				<startKey>shooting</startKey>
				<name>/tanks/guns/gun_medium/gun_medium_50-75mm</name>
			</sound>
		</effects>
		<blitz>
			<soundPC>guns/gun_medium/76mm_M1_pc</soundPC>
			<soundNPC>guns/gun_medium/76mm_M1_npc</soundNPC>
			<soundCannonade>guns/cannonade/cannonade_medium</soundCannonade>
			<effect>~res:/3d/FX/gun_effects/shot_medium.sc2</effect>
		</blitz>
	</shot_76mm_M1>
	<shot_76mm_M1_mb>
		<stages>
			<shooting>4.0</shooting>
		</stages>
		<effects>
			<pixie>
				<startKey>shooting</startKey>
				<file>particles/Tank/shot_medium_02.xml</file>
				<force>1</force>
				<position>HP_gunFire</position>
			</pixie>
			<sound>
				<startKey>shooting</startKey>
				<name>/tanks/guns/gun_medium/gun_medium_50-75mm_mb</name>
			</sound>
		</effects>
		<blitz>
			<soundPC>guns/gun_medium/76mm_M1_pc</soundPC>
			<soundNPC>guns/gun_medium/76mm_M1_npc</soundNPC>
			<soundCannonade>guns/cannonade/cannonade_medium</soundCannonade>
			<effect>~res:/3d/FX/gun_effects/shot_medium_mb.sc2</effect>
		</blitz>
	</shot_76mm_M1_mb>
	<shot_76mm_ZIS>
		<stages>
			<shooting>4.0</shooting>
		</stages>
		<effects>
			<pixie>
				<startKey>shooting</startKey>
				<file>particles/Tank/shot_medium_01.xml</file>
				<force>1</force>
				<position>HP_gunFire</position>
			</pixie>
			<sound>
				<startKey>shooting</startKey>
				<name>/tanks/guns/gun_medium/gun_medium_50-75mm</name>
			</sound>
		</effects>
		<blitz>
			<soundPC>guns/gun_medium/76mm_ZIS_pc</soundPC>
			<soundNPC>guns/gun_medium/76mm_ZIS_npc</soundNPC>
			<soundCannonade>guns/cannonade/cannonade_medium</soundCannonade>
			<effect>~res:/3d/FX/gun_effects/shot_medium.sc2</effect>
		</blitz>
	</shot_76mm_ZIS>
	<shot_76mm_ZIS_mb>
		<stages>
			<shooting>4.0</shooting>
		</stages>
		<effects>
			<pixie>
				<startKey>shooting</startKey>
				<file>particles/Tank/shot_medium_02.xml</file>
				<force>1</force>
				<position>HP_gunFire</position>
			</pixie>
			<sound>
				<startKey>shooting</startKey>
				<name>/tanks/guns/gun_medium/gun_medium_50-75mm_mb</name>
			</sound>
		</effects>
		<blitz>
			<soundPC>guns/gun_medium/76mm_ZIS_pc</soundPC>
			<soundNPC>guns/gun_medium/76mm_ZIS_npc</soundNPC>
			<soundCannonade>guns/cannonade/cannonade_medium</soundCannonade>
			<effect>~res:/3d/FX/gun_effects/shot_medium_mb.sc2</effect>
		</blitz>
	</shot_76mm_ZIS_mb>
	<shot_20pdr_UK8>
		<stages>
			<shooting>6.0</shooting>
		</stages>
		<effects>
			<pixie>
				<startKey>shooting</startKey>
				<file>particles/Tank/shot_main_01.xml</file>
				<force>1</force>
				<position>HP_gunFire</position>
			</pixie>
			<sound>
				<startKey>shooting</startKey>
				<name>/tanks/guns/gun_main/gun_main_85-107mm</name>
			</sound>
		</effects>
		<blitz>
			<soundPC>guns/gun_main/20pdr_UK8_pc</soundPC>
			<soundNPC>guns/gun_main/20pdr_UK8_npc</soundNPC>
			<soundCannonade>guns/cannonade/cannonade_medium</soundCannonade>
			<effect>~res:/3d/FX/gun_effects/shot_main.sc2</effect>
		</blitz>
	</shot_20pdr_UK8>
	<shot_20pdr_UK8_mb>
		<stages>
			<shooting>6.0</shooting>
		</stages>
		<effects>
			<pixie>
				<startKey>shooting</startKey>
				<file>particles/Tank/shot_main_02.xml</file>
				<force>1</force>
				<position>HP_gunFire</position>
			</pixie>
			<sound>
				<startKey>shooting</startKey>
				<name>/tanks/guns/gun_main/gun_main_85-107mm_mb</name>
			</sound>
		</effects>
		<blitz>
			<soundPC>guns/gun_main/20pdr_UK8_pc</soundPC>
			<soundNPC>guns/gun_main/20pdr_UK8_npc</soundNPC>
			<soundCannonade>guns/cannonade/cannonade_medium</soundCannonade>
			<effect>~res:/3d/FX/gun_effects/shot_main_mb.sc2</effect>
		</blitz>
	</shot_20pdr_UK8_mb>
	<shot_20pdr_UK9>
		<stages>
			<shooting>6.0</shooting>
		</stages>
		<effects>
			<pixie>
				<startKey>shooting</startKey>
				<file>particles/Tank/shot_main_01.xml</file>
				<force>1</force>
				<position>HP_gunFire</position>
			</pixie>
			<sound>
				<startKey>shooting</startKey>
				<name>/tanks/guns/gun_main/gun_main_85-107mm</name>
			</sound>
		</effects>
		<blitz>
			<soundPC>guns/gun_main/20pdr_UK9_pc</soundPC>
			<soundNPC>guns/gun_main/20pdr_UK9_npc</soundNPC>
			<soundCannonade>guns/cannonade/cannonade_medium</soundCannonade>
			<effect>~res:/3d/FX/gun_effects/shot_main.sc2</effect>
		</blitz>
	</shot_20pdr_UK9>
	<shot_20pdr_UK9_mb>
		<stages>
			<shooting>6.0</shooting>
		</stages>
		<effects>
			<pixie>
				<startKey>shooting</startKey>
				<file>particles/Tank/shot_main_02.xml</file>
				<force>1</force>
				<position>HP_gunFire</position>
			</pixie>
			<sound>
				<startKey>shooting</startKey>
				<name>/tanks/guns/gun_main/gun_main_85-107mm_mb</name>
			</sound>
		</effects>
		<blitz>
			<soundPC>guns/gun_main/20pdr_UK9_pc</soundPC>
			<soundNPC>guns/gun_main/20pdr_UK9_npc</soundNPC>
			<soundCannonade>guns/cannonade/cannonade_medium</soundCannonade>
			<effect>~res:/3d/FX/gun_effects/shot_main_mb.sc2</effect>
		</blitz>
	</shot_20pdr_UK9_mb>
	<shot_32pdr_UK8>
		<stages>
			<shooting>6.0</shooting>
		</stages>
		<effects>
			<pixie>
				<startKey>shooting</startKey>
				<file>particles/Tank/shot_main_01.xml</file>
				<force>1</force>
				<position>HP_gunFire</position>
			</pixie>
			<sound>
				<startKey>shooting</startKey>
				<name>/tanks/guns/gun_main/gun_main_85-107mm</name>
			</sound>
		</effects>
		<blitz>
			<soundPC>guns/gun_main/32pdr_UK8_pc</soundPC>
			<soundNPC>guns/gun_main/32pdr_UK8_npc</soundNPC>
			<soundCannonade>guns/cannonade/cannonade_medium</soundCannonade>
			<effect>~res:/3d/FX/gun_effects/shot_main.sc2</effect>
		</blitz>
	</shot_32pdr_UK8>
	<shot_32pdr_UK8_mb>
		<stages>
			<shooting>6.0</shooting>
		</stages>
		<effects>
			<pixie>
				<startKey>shooting</startKey>
				<file>particles/Tank/shot_main_02.xml</file>
				<force>1</force>
				<position>HP_gunFire</position>
			</pixie>
			<sound>
				<startKey>shooting</startKey>
				<name>/tanks/guns/gun_main/gun_main_85-107mm_mb</name>
			</sound>
		</effects>
		<blitz>
			<soundPC>guns/gun_main/32pdr_UK8_pc</soundPC>
			<soundNPC>guns/gun_main/32pdr_UK8_npc</soundNPC>
			<soundCannonade>guns/cannonade/cannonade_medium</soundCannonade>
			<effect>~res:/3d/FX/gun_effects/shot_main_mb.sc2</effect>
		</blitz>
	</shot_32pdr_UK8_mb>
	<shot_85mm>
		<stages>
			<shooting>6.0</shooting>
		</stages>
		<effects>
			<pixie>
				<startKey>shooting</startKey>
				<file>particles/Tank/shot_main_01.xml</file>
				<force>1</force>
				<position>HP_gunFire</position>
			</pixie>
			<sound>
				<startKey>shooting</startKey>
				<name>/tanks/guns/gun_main/gun_main_85-107mm</name>
			</sound>
		</effects>
		<blitz>
			<soundPC>guns/gun_main/85mm_pc</soundPC>
			<soundNPC>guns/gun_main/85mm_npc</soundNPC>
			<soundCannonade>guns/cannonade/cannonade_medium</soundCannonade>
			<effect>~res:/3d/FX/gun_effects/shot_main.sc2</effect>
		</blitz>
	</shot_85mm>
	<shot_85mm_mb>
		<stages>
			<shooting>6.0</shooting>
		</stages>
		<effects>
			<pixie>
				<startKey>shooting</startKey>
				<file>particles/Tank/shot_main_02.xml</file>
				<force>1</force>
				<position>HP_gunFire</position>
			</pixie>
			<sound>
				<startKey>shooting</startKey>
				<name>/tanks/guns/gun_main/gun_main_85-107mm_mb</name>
			</sound>
		</effects>
		<blitz>
			<soundPC>guns/gun_main/85mm_pc</soundPC>
			<soundNPC>guns/gun_main/85mm_npc</soundNPC>
			<soundCannonade>guns/cannonade/cannonade_medium</soundCannonade>
			<effect>~res:/3d/FX/gun_effects/shot_main_mb.sc2</effect>
		</blitz>
	</shot_85mm_mb>
	<shot_88mm>
		<stages>
			<shooting>6.0</shooting>
		</stages>
		<effects>
			<pixie>
				<startKey>shooting</startKey>
				<file>particles/Tank/shot_main_01.xml</file>
				<force>1</force>
				<position>HP_gunFire</position>
			</pixie>
			<sound>
				<startKey>shooting</startKey>
				<name>/tanks/guns/gun_main/gun_main_85-107mm</name>
			</sound>
		</effects>
		<blitz>
			<soundPC>guns/gun_main/88mm_pc</soundPC>
			<soundNPC>guns/gun_main/88mm_npc</soundNPC>
			<soundCannonade>guns/cannonade/cannonade_medium</soundCannonade>
			<effect>~res:/3d/FX/gun_effects/shot_main.sc2</effect>
		</blitz>
	</shot_88mm>
	<shot_88mm_mb>
		<stages>
			<shooting>6.0</shooting>
		</stages>
		<effects>
			<pixie>
				<startKey>shooting</startKey>
				<file>particles/Tank/shot_main_02.xml</file>
				<force>1</force>
				<position>HP_gunFire</position>
			</pixie>
			<sound>
				<startKey>shooting</startKey>
				<name>/tanks/guns/gun_main/gun_main_85-107mm_mb</name>
			</sound>
		</effects>
		<blitz>
			<soundPC>guns/gun_main/88mm_pc</soundPC>
			<soundNPC>guns/gun_main/88mm_npc</soundNPC>
			<soundCannonade>guns/cannonade/cannonade_medium</soundCannonade>
			<effect>~res:/3d/FX/gun_effects/shot_main_mb.sc2</effect>
		</blitz>
	</shot_88mm_mb>
	<shot_88mm_GER8>
		<stages>
			<shooting>6.0</shooting>
		</stages>
		<effects>
			<pixie>
				<startKey>shooting</startKey>
				<file>particles/Tank/shot_main_01.xml</file>
				<force>1</force>
				<position>HP_gunFire</position>
			</pixie>
			<sound>
				<startKey>shooting</startKey>
				<name>/tanks/guns/gun_main/gun_main_85-107mm</name>
			</sound>
		</effects>
		<blitz>
			<soundPC>guns/gun_main/88mm_GER8_pc</soundPC>
			<soundNPC>guns/gun_main/88mm_GER8_npc</soundNPC>
			<soundCannonade>guns/cannonade/cannonade_medium</soundCannonade>
			<effect>~res:/3d/FX/gun_effects/shot_main.sc2</effect>
		</blitz>
	</shot_88mm_GER8>
	<shot_88mm_GER8_mb>
		<stages>
			<shooting>6.0</shooting>
		</stages>
		<effects>
			<pixie>
				<startKey>shooting</startKey>
				<file>particles/Tank/shot_main_02.xml</file>
				<force>1</force>
				<position>HP_gunFire</position>
			</pixie>
			<sound>
				<startKey>shooting</startKey>
				<name>/tanks/guns/gun_main/gun_main_85-107mm_mb</name>
			</sound>
		</effects>
		<blitz>
			<soundPC>guns/gun_main/88mm_GER8_pc</soundPC>
			<soundNPC>guns/gun_main/88mm_GER8_npc</soundNPC>
			<soundCannonade>guns/cannonade/cannonade_medium</soundCannonade>
			<effect>~res:/3d/FX/gun_effects/shot_main_mb.sc2</effect>
		</blitz>
	</shot_88mm_GER8_mb>
	<shot_90mm>
		<stages>
			<shooting>6.0</shooting>
		</stages>
		<effects>
			<pixie>
				<startKey>shooting</startKey>
				<file>particles/Tank/shot_main_01.xml</file>
				<force>1</force>
				<position>HP_gunFire</position>
			</pixie>
			<sound>
				<startKey>shooting</startKey>
				<name>/tanks/guns/gun_main/gun_main_85-107mm</name>
			</sound>
		</effects>
		<blitz>
			<soundPC>guns/gun_main/90mm_pc</soundPC>
			<soundNPC>guns/gun_main/90mm_npc</soundNPC>
			<soundCannonade>guns/cannonade/cannonade_medium</soundCannonade>
			<effect>~res:/3d/FX/gun_effects/shot_main.sc2</effect>
		</blitz>
	</shot_90mm>
	<shot_90mm_mb>
		<stages>
			<shooting>6.0</shooting>
		</stages>
		<effects>
			<pixie>
				<startKey>shooting</startKey>
				<file>particles/Tank/shot_main_02.xml</file>
				<force>1</force>
				<position>HP_gunFire</position>
			</pixie>
			<sound>
				<startKey>shooting</startKey>
				<name>/tanks/guns/gun_main/gun_main_85-107mm_mb</name>
			</sound>
		</effects>
		<blitz>
			<soundPC>guns/gun_main/90mm_pc</soundPC>
			<soundNPC>guns/gun_main/90mm_npc</soundNPC>
			<soundCannonade>guns/cannonade/cannonade_medium</soundCannonade>
			<effect>~res:/3d/FX/gun_effects/shot_main_mb.sc2</effect>
		</blitz>
	</shot_90mm_mb>
	<shot_90mm_GER8>
		<stages>
			<shooting>6.0</shooting>
		</stages>
		<effects>
			<pixie>
				<startKey>shooting</startKey>
				<file>particles/Tank/shot_main_01.xml</file>
				<force>1</force>
				<position>HP_gunFire</position>
			</pixie>
			<sound>
				<startKey>shooting</startKey>
				<name>/tanks/guns/gun_main/gun_main_85-107mm</name>
			</sound>
		</effects>
		<blitz>
			<soundPC>guns/gun_main/90mm_GER8_pc</soundPC>
			<soundNPC>guns/gun_main/90mm_GER8_npc</soundNPC>
			<soundCannonade>guns/cannonade/cannonade_medium</soundCannonade>
			<effect>~res:/3d/FX/gun_effects/shot_main.sc2</effect>
		</blitz>
	</shot_90mm_GER8>
	<shot_90mm_GER8_mb>
		<stages>
			<shooting>6.0</shooting>
		</stages>
		<effects>
			<pixie>
				<startKey>shooting</startKey>
				<file>particles/Tank/shot_main_02.xml</file>
				<force>1</force>
				<position>HP_gunFire</position>
			</pixie>
			<sound>
				<startKey>shooting</startKey>
				<name>/tanks/guns/gun_main/gun_main_85-107mm_mb</name>
			</sound>
		</effects>
		<blitz>
			<soundPC>guns/gun_main/90mm_GER8_pc</soundPC>
			<soundNPC>guns/gun_main/90mm_GER8_npc</soundNPC>
			<soundCannonade>guns/cannonade/cannonade_medium</soundCannonade>
			<effect>~res:/3d/FX/gun_effects/shot_main_mb.sc2</effect>
		</blitz>
	</shot_90mm_GER8_mb>
	<shot_90mm_GER8_auto>
		<stages>
			<shooting>6.0</shooting>
		</stages>
		<effects>
			<pixie>
				<startKey>shooting</startKey>
				<file>particles/Tank/shot_main_01.xml</file>
				<force>1</force>
				<position>HP_gunFire</position>
			</pixie>
			<sound>
				<startKey>shooting</startKey>
				<name>/tanks/guns/gun_main/gun_main_85-107mm</name>
			</sound>
		</effects>
		<blitz>
			<soundPC>guns/gun_main/90mm_GER8_auto_pc</soundPC>
			<soundNPC>guns/gun_main/90mm_GER8_npc</soundNPC>
			<soundCannonade>guns/cannonade/cannonade_medium</soundCannonade>
			<effect>~res:/3d/FX/gun_effects/shot_main.sc2</effect>
		</blitz>
	</shot_90mm_GER8_auto>
	<shot_90mm_GER8_auto_mb>
		<stages>
			<shooting>6.0</shooting>
		</stages>
		<effects>
			<pixie>
				<startKey>shooting</startKey>
				<file>particles/Tank/shot_main_02.xml</file>
				<force>1</force>
				<position>HP_gunFire</position>
			</pixie>
			<sound>
				<startKey>shooting</startKey>
				<name>/tanks/guns/gun_main/gun_main_85-107mm_mb</name>
			</sound>
		</effects>
		<blitz>
			<soundPC>guns/gun_main/90mm_GER8_auto_pc</soundPC>
			<soundNPC>guns/gun_main/90mm_GER8_npc</soundNPC>
			<soundCannonade>guns/cannonade/cannonade_medium</soundCannonade>
			<effect>~res:/3d/FX/gun_effects/shot_main_mb.sc2</effect>
		</blitz>
	</shot_90mm_GER8_auto_mb>
	<shot_90mm_US8>
		<stages>
			<shooting>6.0</shooting>
		</stages>
		<effects>
			<pixie>
				<startKey>shooting</startKey>
				<file>particles/Tank/shot_main_01.xml</file>
				<force>1</force>
				<position>HP_gunFire</position>
			</pixie>
			<sound>
				<startKey>shooting</startKey>
				<name>/tanks/guns/gun_main/gun_main_85-107mm</name>
			</sound>
		</effects>
		<blitz>
			<soundPC>guns/gun_main/90mm_US8_pc</soundPC>
			<soundNPC>guns/gun_main/90mm_US8_npc</soundNPC>
			<soundCannonade>guns/cannonade/cannonade_medium</soundCannonade>
			<effect>~res:/3d/FX/gun_effects/shot_main.sc2</effect>
		</blitz>
	</shot_90mm_US8>
	<shot_90mm_US8_mb>
		<stages>
			<shooting>6.0</shooting>
		</stages>
		<effects>
			<pixie>
				<startKey>shooting</startKey>
				<file>particles/Tank/shot_main_02.xml</file>
				<force>1</force>
				<position>HP_gunFire</position>
			</pixie>
			<sound>
				<startKey>shooting</startKey>
				<name>/tanks/guns/gun_main/gun_main_85-107mm_mb</name>
			</sound>
		</effects>
		<blitz>
			<soundPC>guns/gun_main/90mm_US8_pc</soundPC>
			<soundNPC>guns/gun_main/90mm_US8_npc</soundNPC>
			<soundCannonade>guns/cannonade/cannonade_medium</soundCannonade>
			<effect>~res:/3d/FX/gun_effects/shot_main_mb.sc2</effect>
		</blitz>
	</shot_90mm_US8_mb>
	<shot_100mm>
		<stages>
			<shooting>6.0</shooting>
		</stages>
		<effects>
			<pixie>
				<startKey>shooting</startKey>
				<file>particles/Tank/shot_main_01.xml</file>
				<force>1</force>
				<position>HP_gunFire</position>
			</pixie>
			<sound>
				<startKey>shooting</startKey>
				<name>/tanks/guns/gun_main/gun_main_85-107mm</name>
			</sound>
		</effects>
		<blitz>
			<soundPC>guns/gun_main/100mm_pc</soundPC>
			<soundNPC>guns/gun_main/100mm_npc</soundNPC>
			<soundCannonade>guns/cannonade/cannonade_medium</soundCannonade>
			<effect>~res:/3d/FX/gun_effects/shot_main.sc2</effect>
		</blitz>
	</shot_100mm>
	<shot_100mm_mb>
		<stages>
			<shooting>6.0</shooting>
		</stages>
		<effects>
			<pixie>
				<startKey>shooting</startKey>
				<file>particles/Tank/shot_main_02.xml</file>
				<force>1</force>
				<position>HP_gunFire</position>
			</pixie>
			<sound>
				<startKey>shooting</startKey>
				<name>/tanks/guns/gun_main/gun_main_85-107mm_mb</name>
			</sound>
		</effects>
		<blitz>
			<soundPC>guns/gun_main/100mm_pc</soundPC>
			<soundNPC>guns/gun_main/100mm_npc</soundNPC>
			<soundCannonade>guns/cannonade/cannonade_medium</soundCannonade>
			<effect>~res:/3d/FX/gun_effects/shot_main_mb.sc2</effect>
		</blitz>
	</shot_100mm_mb>
	<shot_100mm_RU7>
		<stages>
			<shooting>6.0</shooting>
		</stages>
		<effects>
			<pixie>
				<startKey>shooting</startKey>
				<file>particles/Tank/shot_main_01.xml</file>
				<force>1</force>
				<position>HP_gunFire</position>
			</pixie>
			<sound>
				<startKey>shooting</startKey>
				<name>/tanks/guns/gun_main/gun_main_85-107mm</name>
			</sound>
		</effects>
		<blitz>
			<soundPC>guns/gun_main/100mm_RU7_pc</soundPC>
			<soundNPC>guns/gun_main/100mm_RU7_npc</soundNPC>
			<soundCannonade>guns/cannonade/cannonade_medium</soundCannonade>
			<effect>~res:/3d/FX/gun_effects/shot_main.sc2</effect>
		</blitz>
	</shot_100mm_RU7>
	<shot_100mm_RU7_mb>
		<stages>
			<shooting>6.0</shooting>
		</stages>
		<effects>
			<pixie>
				<startKey>shooting</startKey>
				<file>particles/Tank/shot_main_02.xml</file>
				<force>1</force>
				<position>HP_gunFire</position>
			</pixie>
			<sound>
				<startKey>shooting</startKey>
				<name>/tanks/guns/gun_main/gun_main_85-107mm_mb</name>
			</sound>
		</effects>
		<blitz>
			<soundPC>guns/gun_main/100mm_RU7_pc</soundPC>
			<soundNPC>guns/gun_main/100mm_RU7_npc</soundNPC>
			<soundCannonade>guns/cannonade/cannonade_medium</soundCannonade>
			<effect>~res:/3d/FX/gun_effects/shot_main_mb.sc2</effect>
		</blitz>
	</shot_100mm_RU7_mb>
	<shot_100mm_RU9>
		<stages>
			<shooting>6.0</shooting>
		</stages>
		<effects>
			<pixie>
				<startKey>shooting</startKey>
				<file>particles/Tank/shot_main_01.xml</file>
				<force>1</force>
				<position>HP_gunFire</position>
			</pixie>
			<sound>
				<startKey>shooting</startKey>
				<name>/tanks/guns/gun_main/gun_main_85-107mm</name>
			</sound>
		</effects>
		<blitz>
			<soundPC>guns/gun_main/100mm_RU9_pc</soundPC>
			<soundNPC>guns/gun_main/100mm_RU9_npc</soundNPC>
			<soundCannonade>guns/cannonade/cannonade_medium</soundCannonade>
			<effect>~res:/3d/FX/gun_effects/shot_main.sc2</effect>
		</blitz>
	</shot_100mm_RU9>
	<shot_100mm_RU9_mb>
		<stages>
			<shooting>6.0</shooting>
		</stages>
		<effects>
			<pixie>
				<startKey>shooting</startKey>
				<file>particles/Tank/shot_main_02.xml</file>
				<force>1</force>
				<position>HP_gunFire</position>
			</pixie>
			<sound>
				<startKey>shooting</startKey>
				<name>/tanks/guns/gun_main/gun_main_85-107mm_mb</name>
			</sound>
		</effects>
		<blitz>
			<soundPC>guns/gun_main/100mm_RU9_pc</soundPC>
			<soundNPC>guns/gun_main/100mm_RU9_npc</soundNPC>
			<soundCannonade>guns/cannonade/cannonade_medium</soundCannonade>
			<effect>~res:/3d/FX/gun_effects/shot_main_mb.sc2</effect>
		</blitz>
	</shot_100mm_RU9_mb>
	<shot_100mm_RU10>
		<stages>
			<shooting>6.0</shooting>
		</stages>
		<effects>
			<pixie>
				<startKey>shooting</startKey>
				<file>particles/Tank/shot_main_01.xml</file>
				<force>1</force>
				<position>HP_gunFire</position>
			</pixie>
			<sound>
				<startKey>shooting</startKey>
				<name>/tanks/guns/gun_main/gun_main_85-107mm</name>
			</sound>
		</effects>
		<blitz>
			<soundPC>guns/gun_main/100mm_RU10_pc</soundPC>
			<soundNPC>guns/gun_main/100mm_RU10_npc</soundNPC>
			<soundCannonade>guns/cannonade/cannonade_medium</soundCannonade>
			<effect>~res:/3d/FX/gun_effects/shot_main.sc2</effect>
		</blitz>
	</shot_100mm_RU10>
	<shot_100mm_RU10_mb>
		<stages>
			<shooting>6.0</shooting>
		</stages>
		<effects>
			<pixie>
				<startKey>shooting</startKey>
				<file>particles/Tank/shot_main_02.xml</file>
				<force>1</force>
				<position>HP_gunFire</position>
			</pixie>
			<sound>
				<startKey>shooting</startKey>
				<name>/tanks/guns/gun_main/gun_main_85-107mm_mb</name>
			</sound>
		</effects>
		<blitz>
			<soundPC>guns/gun_main/100mm_RU10_pc</soundPC>
			<soundNPC>guns/gun_main/100mm_RU10_npc</soundNPC>
			<soundCannonade>guns/cannonade/cannonade_medium</soundCannonade>
			<effect>~res:/3d/FX/gun_effects/shot_main_mb.sc2</effect>
		</blitz>
	</shot_100mm_RU10_mb>
	<shot_105mm>
		<stages>
			<shooting>6.0</shooting>
		</stages>
		<effects>
			<pixie>
				<startKey>shooting</startKey>
				<file>particles/Tank/shot_main_01.xml</file>
				<force>1</force>
				<position>HP_gunFire</position>
			</pixie>
			<sound>
				<startKey>shooting</startKey>
				<name>/tanks/guns/gun_main/gun_main_85-107mm</name>
			</sound>
		</effects>
		<blitz>
			<soundPC>guns/gun_main/105mm_pc</soundPC>
			<soundNPC>guns/gun_main/105mm_npc</soundNPC>
			<soundCannonade>guns/cannonade/cannonade_medium</soundCannonade>
			<effect>~res:/3d/FX/gun_effects/shot_main.sc2</effect>
		</blitz>
	</shot_105mm>
	<shot_105mm_mb>
		<stages>
			<shooting>6.0</shooting>
		</stages>
		<effects>
			<pixie>
				<startKey>shooting</startKey>
				<file>particles/Tank/shot_main_02.xml</file>
				<force>1</force>
				<position>HP_gunFire</position>
			</pixie>
			<sound>
				<startKey>shooting</startKey>
				<name>/tanks/guns/gun_main/gun_main_85-107mm_mb</name>
			</sound>
		</effects>
		<blitz>
			<soundPC>guns/gun_main/105mm_pc</soundPC>
			<soundNPC>guns/gun_main/105mm_npc</soundNPC>
			<soundCannonade>guns/cannonade/cannonade_medium</soundCannonade>
			<effect>~res:/3d/FX/gun_effects/shot_main_mb.sc2</effect>
		</blitz>
	</shot_105mm_mb>
	<shot_105mm_UK10>
		<stages>
			<shooting>6.0</shooting>
		</stages>
		<effects>
			<pixie>
				<startKey>shooting</startKey>
				<file>particles/Tank/shot_main_01.xml</file>
				<force>1</force>
				<position>HP_gunFire</position>
			</pixie>
			<sound>
				<startKey>shooting</startKey>
				<name>/tanks/guns/gun_main/gun_main_85-107mm</name>
			</sound>
		</effects>
		<blitz>
			<soundPC>guns/gun_main/105mm_UK10_pc</soundPC>
			<soundNPC>guns/gun_main/105mm_UK10_npc</soundNPC>
			<soundCannonade>guns/cannonade/cannonade_medium</soundCannonade>
			<effect>~res:/3d/FX/gun_effects/shot_main.sc2</effect>
		</blitz>
	</shot_105mm_UK10>
	<shot_105mm_UK10_mb>
		<stages>
			<shooting>6.0</shooting>
		</stages>
		<effects>
			<pixie>
				<startKey>shooting</startKey>
				<file>particles/Tank/shot_main_02.xml</file>
				<force>1</force>
				<position>HP_gunFire</position>
			</pixie>
			<sound>
				<startKey>shooting</startKey>
				<name>/tanks/guns/gun_main/gun_main_85-107mm_mb</name>
			</sound>
		</effects>
		<blitz>
			<soundPC>guns/gun_main/105mm_UK10_pc</soundPC>
			<soundNPC>guns/gun_main/105mm_UK10_npc</soundNPC>
			<soundCannonade>guns/cannonade/cannonade_medium</soundCannonade>
			<effect>~res:/3d/FX/gun_effects/shot_main_mb.sc2</effect>
		</blitz>
	</shot_105mm_UK10_mb>
	<shot_105mm_US8>
		<stages>
			<shooting>6.0</shooting>
		</stages>
		<effects>
			<pixie>
				<startKey>shooting</startKey>
				<file>particles/Tank/shot_main_01.xml</file>
				<force>1</force>
				<position>HP_gunFire</position>
			</pixie>
			<sound>
				<startKey>shooting</startKey>
				<name>/tanks/guns/gun_main/gun_main_85-107mm</name>
			</sound>
		</effects>
		<blitz>
			<soundPC>guns/gun_main/105mm_US8_pc</soundPC>
			<soundNPC>guns/gun_main/105mm_US8_npc</soundNPC>
			<soundCannonade>guns/cannonade/cannonade_medium</soundCannonade>
			<effect>~res:/3d/FX/gun_effects/shot_main.sc2</effect>
		</blitz>
	</shot_105mm_US8>
	<shot_105mm_US8_mb>
		<stages>
			<shooting>6.0</shooting>
		</stages>
		<effects>
			<pixie>
				<startKey>shooting</startKey>
				<file>particles/Tank/shot_main_02.xml</file>
				<force>1</force>
				<position>HP_gunFire</position>
			</pixie>
			<sound>
				<startKey>shooting</startKey>
				<name>/tanks/guns/gun_main/gun_main_85-107mm_mb</name>
			</sound>
		</effects>
		<blitz>
			<soundPC>guns/gun_main/105mm_US8_pc</soundPC>
			<soundNPC>guns/gun_main/105mm_US8_npc</soundNPC>
			<soundCannonade>guns/cannonade/cannonade_medium</soundCannonade>
			<effect>~res:/3d/FX/gun_effects/shot_main_mb.sc2</effect>
		</blitz>
	</shot_105mm_US8_mb>
	<shot_105mm_US9_2>
		<stages>
			<shooting>6.0</shooting>
		</stages>
		<effects>
			<pixie>
				<startKey>shooting</startKey>
				<file>particles/Tank/shot_main_01.xml</file>
				<force>1</force>
				<position>HP_gunFire</position>
			</pixie>
			<sound>
				<startKey>shooting</startKey>
				<name>/tanks/guns/gun_main/gun_main_85-107mm</name>
			</sound>
		</effects>
		<blitz>
			<soundPC>guns/gun_main/105mm_US9_2_pc</soundPC>
			<soundNPC>guns/gun_main/105mm_US9_2_npc</soundNPC>
			<soundCannonade>guns/cannonade/cannonade_medium</soundCannonade>
			<effect>~res:/3d/FX/gun_effects/shot_main.sc2</effect>
		</blitz>
	</shot_105mm_US9_2>
	<shot_105mm_US9_2_mb>
		<stages>
			<shooting>6.0</shooting>
		</stages>
		<effects>
			<pixie>
				<startKey>shooting</startKey>
				<file>particles/Tank/shot_main_02.xml</file>
				<force>1</force>
				<position>HP_gunFire</position>
			</pixie>
			<sound>
				<startKey>shooting</startKey>
				<name>/tanks/guns/gun_main/gun_main_85-107mm_mb</name>
			</sound>
		</effects>
		<blitz>
			<soundPC>guns/gun_main/105mm_US9_2_pc</soundPC>
			<soundNPC>guns/gun_main/105mm_US9_2_npc</soundNPC>
			<soundCannonade>guns/cannonade/cannonade_medium</soundCannonade>
			<effect>~res:/3d/FX/gun_effects/shot_main_mb.sc2</effect>
		</blitz>
	</shot_105mm_US9_2_mb>
	<shot_105mm_US9>
		<stages>
			<shooting>6.0</shooting>
		</stages>
		<effects>
			<pixie>
				<startKey>shooting</startKey>
				<file>particles/Tank/shot_main_01.xml</file>
				<force>1</force>
				<position>HP_gunFire</position>
			</pixie>
			<sound>
				<startKey>shooting</startKey>
				<name>/tanks/guns/gun_main/gun_main_85-107mm</name>
			</sound>
		</effects>
		<blitz>
			<soundPC>guns/gun_main/105mm_US9_pc</soundPC>
			<soundNPC>guns/gun_main/105mm_US9_npc</soundNPC>
			<soundCannonade>guns/cannonade/cannonade_medium</soundCannonade>
			<effect>~res:/3d/FX/gun_effects/shot_main.sc2</effect>
		</blitz>
	</shot_105mm_US9>
	<shot_105mm_US9_mb>
		<stages>
			<shooting>6.0</shooting>
		</stages>
		<effects>
			<pixie>
				<startKey>shooting</startKey>
				<file>particles/Tank/shot_main_02.xml</file>
				<force>1</force>
				<position>HP_gunFire</position>
			</pixie>
			<sound>
				<startKey>shooting</startKey>
				<name>/tanks/guns/gun_main/gun_main_85-107mm_mb</name>
			</sound>
		</effects>
		<blitz>
			<soundPC>guns/gun_main/105mm_US9_pc</soundPC>
			<soundNPC>guns/gun_main/105mm_US9_npc</soundNPC>
			<soundCannonade>guns/cannonade/cannonade_medium</soundCannonade>
			<effect>~res:/3d/FX/gun_effects/shot_main_mb.sc2</effect>
		</blitz>
	</shot_105mm_US9_mb>
	<shot_105mm_US10>
		<stages>
			<shooting>6.0</shooting>
		</stages>
		<effects>
			<pixie>
				<startKey>shooting</startKey>
				<file>particles/Tank/shot_main_01.xml</file>
				<force>1</force>
				<position>HP_gunFire</position>
			</pixie>
			<sound>
				<startKey>shooting</startKey>
				<name>/tanks/guns/gun_main/gun_main_85-107mm</name>
			</sound>
		</effects>
		<blitz>
			<soundPC>guns/gun_main/105mm_US10_pc</soundPC>
			<soundNPC>guns/gun_main/105mm_US10_npc</soundNPC>
			<soundCannonade>guns/cannonade/cannonade_medium</soundCannonade>
			<effect>~res:/3d/FX/gun_effects/shot_main.sc2</effect>
		</blitz>
	</shot_105mm_US10>
	<shot_105mm_US10_mb>
		<stages>
			<shooting>6.0</shooting>
		</stages>
		<effects>
			<pixie>
				<startKey>shooting</startKey>
				<file>particles/Tank/shot_main_02.xml</file>
				<force>1</force>
				<position>HP_gunFire</position>
			</pixie>
			<sound>
				<startKey>shooting</startKey>
				<name>/tanks/guns/gun_main/gun_main_85-107mm_mb</name>
			</sound>
		</effects>
		<blitz>
			<soundPC>guns/gun_main/105mm_US10_pc</soundPC>
			<soundNPC>guns/gun_main/105mm_US10_npc</soundNPC>
			<soundCannonade>guns/cannonade/cannonade_medium</soundCannonade>
			<effect>~res:/3d/FX/gun_effects/shot_main_mb.sc2</effect>
		</blitz>
	</shot_105mm_US10_mb>
	<shot_105mm_GER8>
		<stages>
			<shooting>6.0</shooting>
		</stages>
		<effects>
			<pixie>
				<startKey>shooting</startKey>
				<file>particles/Tank/shot_main_01.xml</file>
				<force>1</force>
				<position>HP_gunFire</position>
			</pixie>
			<sound>
				<startKey>shooting</startKey>
				<name>/tanks/guns/gun_main/gun_main_85-107mm</name>
			</sound>
		</effects>
		<blitz>
			<soundPC>guns/gun_main/105mm_GER8_pc</soundPC>
			<soundNPC>guns/gun_main/105mm_GER8_npc</soundNPC>
			<soundCannonade>guns/cannonade/cannonade_medium</soundCannonade>
			<effect>~res:/3d/FX/gun_effects/shot_main.sc2</effect>
		</blitz>
	</shot_105mm_GER8>
	<shot_105mm_GER8_mb>
		<stages>
			<shooting>6.0</shooting>
		</stages>
		<effects>
			<pixie>
				<startKey>shooting</startKey>
				<file>particles/Tank/shot_main_02.xml</file>
				<force>1</force>
				<position>HP_gunFire</position>
			</pixie>
			<sound>
				<startKey>shooting</startKey>
				<name>/tanks/guns/gun_main/gun_main_85-107mm_mb</name>
			</sound>
		</effects>
		<blitz>
			<soundPC>guns/gun_main/105mm_GER8_pc</soundPC>
			<soundNPC>guns/gun_main/105mm_GER8_npc</soundNPC>
			<soundCannonade>guns/cannonade/cannonade_medium</soundCannonade>
			<effect>~res:/3d/FX/gun_effects/shot_main_mb.sc2</effect>
		</blitz>
	</shot_105mm_GER8_mb>
	<shot_105mm_GER9>
		<stages>
			<shooting>6.0</shooting>
		</stages>
		<effects>
			<pixie>
				<startKey>shooting</startKey>
				<file>particles/Tank/shot_main_01.xml</file>
				<force>1</force>
				<position>HP_gunFire</position>
			</pixie>
			<sound>
				<startKey>shooting</startKey>
				<name>/tanks/guns/gun_main/gun_main_85-107mm</name>
			</sound>
		</effects>
		<blitz>
			<soundPC>guns/gun_main/105mm_GER9_pc</soundPC>
			<soundNPC>guns/gun_main/105mm_GER9_npc</soundNPC>
			<soundCannonade>guns/cannonade/cannonade_medium</soundCannonade>
			<effect>~res:/3d/FX/gun_effects/shot_main.sc2</effect>
		</blitz>
	</shot_105mm_GER9>
	<shot_105mm_GER9_mb>
		<stages>
			<shooting>6.0</shooting>
		</stages>
		<effects>
			<pixie>
				<startKey>shooting</startKey>
				<file>particles/Tank/shot_main_02.xml</file>
				<force>1</force>
				<position>HP_gunFire</position>
			</pixie>
			<sound>
				<startKey>shooting</startKey>
				<name>/tanks/guns/gun_main/gun_main_85-107mm_mb</name>
			</sound>
		</effects>
		<blitz>
			<soundPC>guns/gun_main/105mm_GER9_pc</soundPC>
			<soundNPC>guns/gun_main/105mm_GER9_npc</soundNPC>
			<soundCannonade>guns/cannonade/cannonade_medium</soundCannonade>
			<effect>~res:/3d/FX/gun_effects/shot_main_mb.sc2</effect>
		</blitz>
	</shot_105mm_GER9_mb>
	<shot_105mm_GER10>
		<stages>
			<shooting>6.0</shooting>
		</stages>
		<effects>
			<pixie>
				<startKey>shooting</startKey>
				<file>particles/Tank/shot_main_01.xml</file>
				<force>1</force>
				<position>HP_gunFire</position>
			</pixie>
			<sound>
				<startKey>shooting</startKey>
				<name>/tanks/guns/gun_main/gun_main_85-107mm</name>
			</sound>
		</effects>
		<blitz>
			<soundPC>guns/gun_main/105mm_GER10_pc</soundPC>
			<soundNPC>guns/gun_main/105mm_GER10_npc</soundNPC>
			<soundCannonade>guns/cannonade/cannonade_medium</soundCannonade>
			<effect>~res:/3d/FX/gun_effects/shot_main.sc2</effect>
		</blitz>
	</shot_105mm_GER10>
	<shot_105mm_GER10_mb>
		<stages>
			<shooting>6.0</shooting>
		</stages>
		<effects>
			<pixie>
				<startKey>shooting</startKey>
				<file>particles/Tank/shot_main_02.xml</file>
				<force>1</force>
				<position>HP_gunFire</position>
			</pixie>
			<sound>
				<startKey>shooting</startKey>
				<name>/tanks/guns/gun_main/gun_main_85-107mm_mb</name>
			</sound>
		</effects>
		<blitz>
			<soundPC>guns/gun_main/105mm_GER10_pc</soundPC>
			<soundNPC>guns/gun_main/105mm_GER10_npc</soundNPC>
			<soundCannonade>guns/cannonade/cannonade_medium</soundCannonade>
			<effect>~res:/3d/FX/gun_effects/shot_main_mb.sc2</effect>
		</blitz>
	</shot_105mm_GER10_mb>
	<shot_105mm_KwK46>
		<stages>
			<shooting>6.0</shooting>
		</stages>
		<effects>
			<pixie>
				<startKey>shooting</startKey>
				<file>particles/Tank/shot_main_01.xml</file>
				<force>1</force>
				<position>HP_gunFire</position>
			</pixie>
			<sound>
				<startKey>shooting</startKey>
				<name>/tanks/guns/gun_main/gun_main_85-107mm</name>
			</sound>
		</effects>
		<blitz>
			<soundPC>guns/gun_main/105mm_KwK46_pc</soundPC>
			<soundNPC>guns/gun_main/105mm_KwK46_npc</soundNPC>
			<soundCannonade>guns/cannonade/cannonade_medium</soundCannonade>
			<effect>~res:/3d/FX/gun_effects/shot_main.sc2</effect>
		</blitz>
	</shot_105mm_KwK46>
	<shot_105mm_KwK46_mb>
		<stages>
			<shooting>6.0</shooting>
		</stages>
		<effects>
			<pixie>
				<startKey>shooting</startKey>
				<file>particles/Tank/shot_main_02.xml</file>
				<force>1</force>
				<position>HP_gunFire</position>
			</pixie>
			<sound>
				<startKey>shooting</startKey>
				<name>/tanks/guns/gun_main/gun_main_85-107mm_mb</name>
			</sound>
		</effects>
		<blitz>
			<soundPC>guns/gun_main/105mm_KwK46_pc</soundPC>
			<soundNPC>guns/gun_main/105mm_KwK46_npc</soundNPC>
			<soundCannonade>guns/cannonade/cannonade_medium</soundCannonade>
			<effect>~res:/3d/FX/gun_effects/shot_main_mb.sc2</effect>
		</blitz>
	</shot_105mm_KwK46_mb>
	<shot_107mm_RU9>
		<stages>
			<shooting>6.0</shooting>
		</stages>
		<effects>
			<pixie>
				<startKey>shooting</startKey>
				<file>particles/Tank/shot_main_01.xml</file>
				<force>1</force>
				<position>HP_gunFire</position>
			</pixie>
			<sound>
				<startKey>shooting</startKey>
				<name>/tanks/guns/gun_main/gun_main_85-107mm</name>
			</sound>
		</effects>
		<blitz>
			<soundPC>guns/gun_main/107mm_RU9_pc</soundPC>
			<soundNPC>guns/gun_main/107mm_RU9_npc</soundNPC>
			<soundCannonade>guns/cannonade/cannonade_medium</soundCannonade>
			<effect>~res:/3d/FX/gun_effects/shot_main.sc2</effect>
		</blitz>
	</shot_107mm_RU9>
	<shot_107mm_RU9_mb>
		<stages>
			<shooting>6.0</shooting>
		</stages>
		<effects>
			<pixie>
				<startKey>shooting</startKey>
				<file>particles/Tank/shot_main_02.xml</file>
				<force>1</force>
				<position>HP_gunFire</position>
			</pixie>
			<sound>
				<startKey>shooting</startKey>
				<name>/tanks/guns/gun_main/gun_main_85-107mm_mb</name>
			</sound>
		</effects>
		<blitz>
			<soundPC>guns/gun_main/107mm_RU9_pc</soundPC>
			<soundNPC>guns/gun_main/107mm_RU9_npc</soundNPC>
			<soundCannonade>guns/cannonade/cannonade_medium</soundCannonade>
			<effect>~res:/3d/FX/gun_effects/shot_main_mb.sc2</effect>
		</blitz>
	</shot_107mm_RU9_mb>
	<shot_120mm>
		<stages>
			<shooting>6.0</shooting>
		</stages>
		<effects>
			<pixie>
				<startKey>shooting</startKey>
				<file>particles/Tank/shot_large_01.xml</file>
				<force>1</force>
				<position>HP_gunFire</position>
			</pixie>
			<sound>
				<startKey>shooting</startKey>
				<name>/tanks/guns/gun_large/gun_large_115-152mm</name>
			</sound>
		</effects>
		<blitz>
			<soundPC>guns/gun_large/120mm_pc</soundPC>
			<soundNPC>guns/gun_large/120mm_npc</soundNPC>
			<soundCannonade>guns/cannonade/cannonade_large</soundCannonade>
			<effect>~res:/3d/FX/gun_effects/shot_large.sc2</effect>
		</blitz>
	</shot_120mm>
	<shot_120mm_mb>
		<stages>
			<shooting>6.0</shooting>
		</stages>
		<effects>
			<pixie>
				<startKey>shooting</startKey>
				<file>particles/Tank/shot_large_02.xml</file>
				<force>1</force>
				<position>HP_gunFire</position>
			</pixie>
			<sound>
				<startKey>shooting</startKey>
				<name>/tanks/guns/gun_large/gun_large_115-152mm_mb</name>
			</sound>
		</effects>
		<blitz>
			<soundPC>guns/gun_large/120mm_pc</soundPC>
			<soundNPC>guns/gun_large/120mm_npc</soundNPC>
			<soundCannonade>guns/cannonade/cannonade_large</soundCannonade>
			<effect>~res:/3d/FX/gun_effects/shot_large_mb.sc2</effect>
		</blitz>
	</shot_120mm_mb>
	<shot_120mm_auto>
		<stages>
			<shooting>6.0</shooting>
		</stages>
		<effects>
			<pixie>
				<startKey>shooting</startKey>
				<file>particles/Tank/shot_large_01.xml</file>
				<force>1</force>
				<position>HP_gunFire</position>
			</pixie>
			<sound>
				<startKey>shooting</startKey>
				<name>/tanks/guns/gun_large/gun_large_115-152mm</name>
			</sound>
		</effects>
		<blitz>
			<soundPC>guns/gun_large/120mm_auto_pc</soundPC>
			<soundNPC>guns/gun_large/120mm_npc</soundNPC>
			<soundCannonade>guns/cannonade/cannonade_large</soundCannonade>
			<effect>~res:/3d/FX/gun_effects/shot_large.sc2</effect>
		</blitz>
	</shot_120mm_auto>
	<shot_120mm_auto_mb>
		<stages>
			<shooting>6.0</shooting>
		</stages>
		<effects>
			<pixie>
				<startKey>shooting</startKey>
				<file>particles/Tank/shot_large_02.xml</file>
				<force>1</force>
				<position>HP_gunFire</position>
			</pixie>
			<sound>
				<startKey>shooting</startKey>
				<name>/tanks/guns/gun_large/gun_large_115-152mm_mb</name>
			</sound>
		</effects>
		<blitz>
			<soundPC>guns/gun_large/120mm_auto_pc</soundPC>
			<soundNPC>guns/gun_large/120mm_npc</soundNPC>
			<soundCannonade>guns/cannonade/cannonade_large</soundCannonade>
			<effect>~res:/3d/FX/gun_effects/shot_large_mb.sc2</effect>
		</blitz>
	</shot_120mm_auto_mb>
	<shot_120mm_UK>
		<stages>
			<shooting>6.0</shooting>
		</stages>
		<effects>
			<pixie>
				<startKey>shooting</startKey>
				<file>particles/Tank/shot_large_01.xml</file>
				<force>1</force>
				<position>HP_gunFire</position>
			</pixie>
			<sound>
				<startKey>shooting</startKey>
				<name>/tanks/guns/gun_large/gun_large_115-152mm</name>
			</sound>
		</effects>
		<blitz>
			<soundPC>guns/gun_large/120mm_UK_pc</soundPC>
			<soundNPC>guns/gun_large/120mm_UK_npc</soundNPC>
			<soundCannonade>guns/cannonade/cannonade_large</soundCannonade>
			<effect>~res:/3d/FX/gun_effects/shot_large.sc2</effect>
		</blitz>
	</shot_120mm_UK>
	<shot_120mm_UK_mb>
		<stages>
			<shooting>6.0</shooting>
		</stages>
		<effects>
			<pixie>
				<startKey>shooting</startKey>
				<file>particles/Tank/shot_large_02.xml</file>
				<force>1</force>
				<position>HP_gunFire</position>
			</pixie>
			<sound>
				<startKey>shooting</startKey>
				<name>/tanks/guns/gun_large/gun_large_115-152mm_mb</name>
			</sound>
		</effects>
		<blitz>
			<soundPC>guns/gun_large/120mm_UK_pc</soundPC>
			<soundNPC>guns/gun_large/120mm_UK_npc</soundNPC>
			<soundCannonade>guns/cannonade/cannonade_large</soundCannonade>
			<effect>~res:/3d/FX/gun_effects/shot_large_mb.sc2</effect>
		</blitz>
	</shot_120mm_UK_mb>
	<shot_120mm_US9>
		<stages>
			<shooting>6.0</shooting>
		</stages>
		<effects>
			<pixie>
				<startKey>shooting</startKey>
				<file>particles/Tank/shot_large_01.xml</file>
				<force>1</force>
				<position>HP_gunFire</position>
			</pixie>
			<sound>
				<startKey>shooting</startKey>
				<name>/tanks/guns/gun_large/gun_large_115-152mm</name>
			</sound>
		</effects>
		<blitz>
			<soundPC>guns/gun_large/120mm_US9_pc</soundPC>
			<soundNPC>guns/gun_large/120mm_US9_npc</soundNPC>
			<soundCannonade>guns/cannonade/cannonade_large</soundCannonade>
			<effect>~res:/3d/FX/gun_effects/shot_large.sc2</effect>
		</blitz>
	</shot_120mm_US9>
	<shot_120mm_US9_mb>
		<stages>
			<shooting>6.0</shooting>
		</stages>
		<effects>
			<pixie>
				<startKey>shooting</startKey>
				<file>particles/Tank/shot_large_02.xml</file>
				<force>1</force>
				<position>HP_gunFire</position>
			</pixie>
			<sound>
				<startKey>shooting</startKey>
				<name>/tanks/guns/gun_large/gun_large_115-152mm_mb</name>
			</sound>
		</effects>
		<blitz>
			<soundPC>guns/gun_large/120mm_US9_pc</soundPC>
			<soundNPC>guns/gun_large/120mm_US9_npc</soundNPC>
			<soundCannonade>guns/cannonade/cannonade_large</soundCannonade>
			<effect>~res:/3d/FX/gun_effects/shot_large_mb.sc2</effect>
		</blitz>
	</shot_120mm_US9_mb>
	<shot_120mm_US10>
		<stages>
			<shooting>6.0</shooting>
		</stages>
		<effects>
			<pixie>
				<startKey>shooting</startKey>
				<file>particles/Tank/shot_large_01.xml</file>
				<force>1</force>
				<position>HP_gunFire</position>
			</pixie>
			<sound>
				<startKey>shooting</startKey>
				<name>/tanks/guns/gun_large/gun_large_115-152mm</name>
			</sound>
		</effects>
		<blitz>
			<soundPC>guns/gun_large/120mm_US10_pc</soundPC>
			<soundNPC>guns/gun_large/120mm_US10_npc</soundNPC>
			<soundCannonade>guns/cannonade/cannonade_large</soundCannonade>
			<effect>~res:/3d/FX/gun_effects/shot_large.sc2</effect>
		</blitz>
	</shot_120mm_US10>
	<shot_120mm_US10_mb>
		<stages>
			<shooting>6.0</shooting>
		</stages>
		<effects>
			<pixie>
				<startKey>shooting</startKey>
				<file>particles/Tank/shot_large_02.xml</file>
				<force>1</force>
				<position>HP_gunFire</position>
			</pixie>
			<sound>
				<startKey>shooting</startKey>
				<name>/tanks/guns/gun_large/gun_large_115-152mm_mb</name>
			</sound>
		</effects>
		<blitz>
			<soundPC>guns/gun_large/120mm_US10_pc</soundPC>
			<soundNPC>guns/gun_large/120mm_US10_npc</soundNPC>
			<soundCannonade>guns/cannonade/cannonade_large</soundCannonade>
			<effect>~res:/3d/FX/gun_effects/shot_large_mb.sc2</effect>
		</blitz>
	</shot_120mm_US10_mb>
	<shot_122mm>
		<stages>
			<shooting>6.0</shooting>
		</stages>
		<effects>
			<pixie>
				<startKey>shooting</startKey>
				<file>particles/Tank/shot_large_01.xml</file>
				<force>1</force>
				<position>HP_gunFire</position>
			</pixie>
			<sound>
				<startKey>shooting</startKey>
				<name>/tanks/guns/gun_large/gun_large_115-152mm</name>
			</sound>
		</effects>
		<blitz>
			<soundPC>guns/gun_large/122mm_pc</soundPC>
			<soundNPC>guns/gun_large/122mm_npc</soundNPC>
			<soundCannonade>guns/cannonade/cannonade_large</soundCannonade>
			<effect>~res:/3d/FX/gun_effects/shot_large.sc2</effect>
		</blitz>
	</shot_122mm>
	<shot_122mm_mb>
		<stages>
			<shooting>6.0</shooting>
		</stages>
		<effects>
			<pixie>
				<startKey>shooting</startKey>
				<file>particles/Tank/shot_large_02.xml</file>
				<force>1</force>
				<position>HP_gunFire</position>
			</pixie>
			<sound>
				<startKey>shooting</startKey>
				<name>/tanks/guns/gun_large/gun_large_115-152mm_mb</name>
			</sound>
		</effects>
		<blitz>
			<soundPC>guns/gun_large/122mm_pc</soundPC>
			<soundNPC>guns/gun_large/122mm_npc</soundNPC>
			<soundCannonade>guns/cannonade/cannonade_large</soundCannonade>
			<effect>~res:/3d/FX/gun_effects/shot_large_mb.sc2</effect>
		</blitz>
	</shot_122mm_mb>
	<shot_122mm_auto>
		<stages>
			<shooting>6.0</shooting>
		</stages>
		<effects>
			<pixie>
				<startKey>shooting</startKey>
				<file>particles/Tank/shot_large_01.xml</file>
				<force>1</force>
				<position>HP_gunFire</position>
			</pixie>
			<sound>
				<startKey>shooting</startKey>
				<name>/tanks/guns/gun_large/gun_large_115-152mm</name>
			</sound>
		</effects>
		<blitz>
			<soundPC>guns/gun_large/122mm_auto_pc</soundPC>
			<soundNPC>guns/gun_large/122mm_npc</soundNPC>
			<soundCannonade>guns/cannonade/cannonade_large</soundCannonade>
			<effect>~res:/3d/FX/gun_effects/shot_large.sc2</effect>
		</blitz>
	</shot_122mm_auto>
	<shot_122mm_auto_mb>
		<stages>
			<shooting>6.0</shooting>
		</stages>
		<effects>
			<pixie>
				<startKey>shooting</startKey>
				<file>particles/Tank/shot_large_02.xml</file>
				<force>1</force>
				<position>HP_gunFire</position>
			</pixie>
			<sound>
				<startKey>shooting</startKey>
				<name>/tanks/guns/gun_large/gun_large_115-152mm_mb</name>
			</sound>
		</effects>
		<blitz>
			<soundPC>guns/gun_large/122mm_auto_pc</soundPC>
			<soundNPC>guns/gun_large/122mm_npc</soundNPC>
			<soundCannonade>guns/cannonade/cannonade_large</soundCannonade>
			<effect>~res:/3d/FX/gun_effects/shot_large_mb.sc2</effect>
		</blitz>
	</shot_122mm_auto_mb>
	<shot_122mm_RU9>
		<stages>
			<shooting>6.0</shooting>
		</stages>
		<effects>
			<pixie>
				<startKey>shooting</startKey>
				<file>particles/Tank/shot_large_01.xml</file>
				<force>1</force>
				<position>HP_gunFire</position>
			</pixie>
			<sound>
				<startKey>shooting</startKey>
				<name>/tanks/guns/gun_large/gun_large_115-152mm</name>
			</sound>
		</effects>
		<blitz>
			<soundPC>guns/gun_large/122mm_RU9_pc</soundPC>
			<soundNPC>guns/gun_large/122mm_RU9_npc</soundNPC>
			<soundCannonade>guns/cannonade/cannonade_large</soundCannonade>
			<effect>~res:/3d/FX/gun_effects/shot_large.sc2</effect>
		</blitz>
	</shot_122mm_RU9>
	<shot_122mm_RU9_mb>
		<stages>
			<shooting>6.0</shooting>
		</stages>
		<effects>
			<pixie>
				<startKey>shooting</startKey>
				<file>particles/Tank/shot_large_02.xml</file>
				<force>1</force>
				<position>HP_gunFire</position>
			</pixie>
			<sound>
				<startKey>shooting</startKey>
				<name>/tanks/guns/gun_large/gun_large_115-152mm_mb</name>
			</sound>
		</effects>
		<blitz>
			<soundPC>guns/gun_large/122mm_RU9_pc</soundPC>
			<soundNPC>guns/gun_large/122mm_RU9_npc</soundNPC>
			<soundCannonade>guns/cannonade/cannonade_large</soundCannonade>
			<effect>~res:/3d/FX/gun_effects/shot_large_mb.sc2</effect>
		</blitz>
	</shot_122mm_RU9_mb>
	<shot_122mm_RU10>
		<stages>
			<shooting>6.0</shooting>
		</stages>
		<effects>
			<pixie>
				<startKey>shooting</startKey>
				<file>particles/Tank/shot_large_01.xml</file>
				<force>1</force>
				<position>HP_gunFire</position>
			</pixie>
			<sound>
				<startKey>shooting</startKey>
				<name>/tanks/guns/gun_large/gun_large_115-152mm</name>
			</sound>
		</effects>
		<blitz>
			<soundPC>guns/gun_large/122mm_RU10_pc</soundPC>
			<soundNPC>guns/gun_large/122mm_RU10_npc</soundNPC>
			<soundCannonade>guns/cannonade/cannonade_large</soundCannonade>
			<effect>~res:/3d/FX/gun_effects/shot_large.sc2</effect>
		</blitz>
	</shot_122mm_RU10>
	<shot_122mm_RU10_mb>
		<stages>
			<shooting>6.0</shooting>
		</stages>
		<effects>
			<pixie>
				<startKey>shooting</startKey>
				<file>particles/Tank/shot_large_02.xml</file>
				<force>1</force>
				<position>HP_gunFire</position>
			</pixie>
			<sound>
				<startKey>shooting</startKey>
				<name>/tanks/guns/gun_large/gun_large_115-152mm_mb</name>
			</sound>
		</effects>
		<blitz>
			<soundPC>guns/gun_large/122mm_RU10_pc</soundPC>
			<soundNPC>guns/gun_large/122mm_RU10_npc</soundNPC>
			<soundCannonade>guns/cannonade/cannonade_large</soundCannonade>
			<effect>~res:/3d/FX/gun_effects/shot_large_mb.sc2</effect>
		</blitz>
	</shot_122mm_RU10_mb>
	<shot_128mm_PT>
		<stages>
			<shooting>6.0</shooting>
		</stages>
		<effects>
			<pixie>
				<startKey>shooting</startKey>
				<file>particles/Tank/shot_large_01.xml</file>
				<force>1</force>
				<position>HP_gunFire</position>
			</pixie>
			<sound>
				<startKey>shooting</startKey>
				<name>/tanks/guns/gun_large/gun_large_115-152mm</name>
			</sound>
		</effects>
		<blitz>
			<soundPC>guns/gun_large/128mm_PT_pc</soundPC>
			<soundNPC>guns/gun_large/128mm_PT_npc</soundNPC>
			<soundCannonade>guns/cannonade/cannonade_large</soundCannonade>
			<effect>~res:/3d/FX/gun_effects/shot_large.sc2</effect>
		</blitz>
	</shot_128mm_PT>
	<shot_128mm_PT_mb>
		<stages>
			<shooting>6.0</shooting>
		</stages>
		<effects>
			<pixie>
				<startKey>shooting</startKey>
				<file>particles/Tank/shot_large_02.xml</file>
				<force>1</force>
				<position>HP_gunFire</position>
			</pixie>
			<sound>
				<startKey>shooting</startKey>
				<name>/tanks/guns/gun_large/gun_large_115-152mm_mb</name>
			</sound>
		</effects>
		<blitz>
			<soundPC>guns/gun_large/128mm_PT_pc</soundPC>
			<soundNPC>guns/gun_large/128mm_PT_npc</soundNPC>
			<soundCannonade>guns/cannonade/cannonade_large</soundCannonade>
			<effect>~res:/3d/FX/gun_effects/shot_large_mb.sc2</effect>
		</blitz>
	</shot_128mm_PT_mb>
	<shot_128mm>
		<stages>
			<shooting>6.0</shooting>
		</stages>
		<effects>
			<pixie>
				<startKey>shooting</startKey>
				<file>particles/Tank/shot_large_01.xml</file>
				<force>1</force>
				<position>HP_gunFire</position>
			</pixie>
			<sound>
				<startKey>shooting</startKey>
				<name>/tanks/guns/gun_large/gun_large_115-152mm</name>
			</sound>
		</effects>
		<blitz>
			<soundPC>guns/gun_large/128mm_pc</soundPC>
			<soundNPC>guns/gun_large/128mm_npc</soundNPC>
			<soundCannonade>guns/cannonade/cannonade_large</soundCannonade>
			<effect>~res:/3d/FX/gun_effects/shot_large.sc2</effect>
		</blitz>
	</shot_128mm>
	<shot_128mm_mb>
		<stages>
			<shooting>6.0</shooting>
		</stages>
		<effects>
			<pixie>
				<startKey>shooting</startKey>
				<file>particles/Tank/shot_large_02.xml</file>
				<force>1</force>
				<position>HP_gunFire</position>
			</pixie>
			<sound>
				<startKey>shooting</startKey>
				<name>/tanks/guns/gun_large/gun_large_115-152mm_mb</name>
			</sound>
		</effects>
		<blitz>
			<soundPC>guns/gun_large/128mm_pc</soundPC>
			<soundNPC>guns/gun_large/128mm_npc</soundNPC>
			<soundCannonade>guns/cannonade/cannonade_large</soundCannonade>
			<effect>~res:/3d/FX/gun_effects/shot_large_mb.sc2</effect>
		</blitz>
	</shot_128mm_mb>
	<shot_130mm_RU10>
		<stages>
			<shooting>6.0</shooting>
		</stages>
		<effects>
			<pixie>
				<startKey>shooting</startKey>
				<file>particles/Tank/shot_large_01.xml</file>
				<force>1</force>
				<position>HP_gunFire</position>
			</pixie>
			<sound>
				<startKey>shooting</startKey>
				<name>/tanks/guns/gun_large/gun_large_115-152mm</name>
			</sound>
		</effects>
		<blitz>
			<soundPC>guns/gun_large/130mm_RU10_pc</soundPC>
			<soundNPC>guns/gun_large/130mm_RU10_npc</soundNPC>
			<soundCannonade>guns/cannonade/cannonade_large</soundCannonade>
			<effect>~res:/3d/FX/gun_effects/shot_large.sc2</effect>
		</blitz>
	</shot_130mm_RU10>
	<shot_130mm_RU10_mb>
		<stages>
			<shooting>6.0</shooting>
		</stages>
		<effects>
			<pixie>
				<startKey>shooting</startKey>
				<file>particles/Tank/shot_large_02.xml</file>
				<force>1</force>
				<position>HP_gunFire</position>
			</pixie>
			<sound>
				<startKey>shooting</startKey>
				<name>/tanks/guns/gun_large/gun_large_115-152mm_mb</name>
			</sound>
		</effects>
		<blitz>
			<soundPC>guns/gun_large/130mm_RU10_pc</soundPC>
			<soundNPC>guns/gun_large/130mm_RU10_npc</soundNPC>
			<soundCannonade>guns/cannonade/cannonade_large</soundCannonade>
			<effect>~res:/3d/FX/gun_effects/shot_large_mb.sc2</effect>
		</blitz>
	</shot_130mm_RU10_mb>
	<shot_150mm>
		<stages>
			<shooting>6.0</shooting>
		</stages>
		<effects>
			<pixie>
				<startKey>shooting</startKey>
				<file>particles/Tank/shot_huge_01.xml</file>
				<force>1</force>
				<position>HP_gunFire</position>
			</pixie>
			<sound>
				<startKey>shooting</startKey>
				<name>/tanks/guns/gun_huge/gun_huge_152mm</name>
			</sound>
		</effects>
		<blitz>
			<soundPC>guns/gun_huge/150mm_pc</soundPC>
			<soundNPC>guns/gun_huge/150mm_npc</soundNPC>
			<soundCannonade>guns/cannonade/cannonade_large</soundCannonade>
			<effect>~res:/3d/FX/gun_effects/shot_huge.sc2</effect>
		</blitz>
	</shot_150mm>
	<shot_150mm_mb>
		<stages>
			<shooting>6.0</shooting>
		</stages>
		<effects>
			<pixie>
				<startKey>shooting</startKey>
				<file>particles/Tank/shot_huge_01.xml</file>
				<force>1</force>
				<position>HP_gunFire</position>
			</pixie>
			<sound>
				<startKey>shooting</startKey>
				<name>/tanks/guns/gun_huge/gun_huge_152mm_mb</name>
			</sound>
		</effects>
		<blitz>
			<soundPC>guns/gun_huge/150mm_pc</soundPC>
			<soundNPC>guns/gun_huge/150mm_npc</soundNPC>
			<soundCannonade>guns/cannonade/cannonade_large</soundCannonade>
			<effect>~res:/3d/FX/gun_effects/shot_huge_mb.sc2</effect>
		</blitz>
	</shot_150mm_mb>
	<shot_150mm_GER10>
		<stages>
			<shooting>6.0</shooting>
		</stages>
		<effects>
			<pixie>
				<startKey>shooting</startKey>
				<file>particles/Tank/shot_huge_01.xml</file>
				<force>1</force>
				<position>HP_gunFire</position>
			</pixie>
			<sound>
				<startKey>shooting</startKey>
				<name>/tanks/guns/gun_huge/gun_huge_152mm</name>
			</sound>
		</effects>
		<blitz>
			<soundPC>guns/gun_huge/150mm_GER10_pc</soundPC>
			<soundNPC>guns/gun_huge/150mm_GER10_npc</soundNPC>
			<soundCannonade>guns/cannonade/cannonade_large</soundCannonade>
			<effect>~res:/3d/FX/gun_effects/shot_huge.sc2</effect>
		</blitz>
	</shot_150mm_GER10>
	<shot_150mm_GER10_mb>
		<stages>
			<shooting>6.0</shooting>
		</stages>
		<effects>
			<pixie>
				<startKey>shooting</startKey>
				<file>particles/Tank/shot_huge_01.xml</file>
				<force>1</force>
				<position>HP_gunFire</position>
			</pixie>
			<sound>
				<startKey>shooting</startKey>
				<name>/tanks/guns/gun_huge/gun_huge_152mm_mb</name>
			</sound>
		</effects>
		<blitz>
			<soundPC>guns/gun_huge/150mm_GER10_pc</soundPC>
			<soundNPC>guns/gun_huge/150mm_GER10_npc</soundNPC>
			<soundCannonade>guns/cannonade/cannonade_large</soundCannonade>
			<effect>~res:/3d/FX/gun_effects/shot_huge_mb.sc2</effect>
		</blitz>
	</shot_150mm_GER10_mb>
	<shot_152mm_BL10>
		<stages>
			<shooting>6.0</shooting>
		</stages>
		<effects>
			<pixie>
				<startKey>shooting</startKey>
				<file>particles/Tank/shot_huge_01.xml</file>
				<force>1</force>
				<position>HP_gunFire</position>
			</pixie>
			<sound>
				<startKey>shooting</startKey>
				<name>/tanks/guns/gun_huge/gun_huge_152mm</name>
			</sound>
		</effects>
		<blitz>
			<soundPC>guns/gun_huge/152mm_BL10_pc</soundPC>
			<soundNPC>guns/gun_huge/152mm_BL10_npc</soundNPC>
			<soundCannonade>guns/cannonade/cannonade_large</soundCannonade>
			<effect>~res:/3d/FX/gun_effects/shot_huge.sc2</effect>
		</blitz>
	</shot_152mm_BL10>
	<shot_152mm_BL10_mb>
		<stages>
			<shooting>6.0</shooting>
		</stages>
		<effects>
			<pixie>
				<startKey>shooting</startKey>
				<file>particles/Tank/shot_huge_01.xml</file>
				<force>1</force>
				<position>HP_gunFire</position>
			</pixie>
			<sound>
				<startKey>shooting</startKey>
				<name>/tanks/guns/gun_huge/gun_huge_152mm_mb</name>
			</sound>
		</effects>
		<blitz>
			<soundPC>guns/gun_huge/gun_huge_152mm_pc</soundPC>
			<soundNPC>guns/gun_huge/gun_huge_152mm_npc</soundNPC>
			<soundCannonade>guns/cannonade/cannonade_large</soundCannonade>
			<effect>~res:/3d/FX/gun_effects/shot_huge_mb.sc2</effect>
		</blitz>
	</shot_152mm_BL10_mb>
	<shot_183mm_GBR10>
		<stages>
			<shooting>6.0</shooting>
		</stages>
		<effects>
			<pixie>
				<startKey>shooting</startKey>
				<file>particles/Tank/shot_huge_01.xml</file>
				<force>1</force>
				<position>HP_gunFire</position>
			</pixie>
			<sound>
				<startKey>shooting</startKey>
				<name>/tanks/guns/gun_huge/gun_huge_152mm</name>
			</sound>
		</effects>
		<blitz>
			<soundPC>guns/gun_huge/183mm_GBR10_pc</soundPC>
			<soundNPC>guns/gun_huge/183mm_GBR10_npc</soundNPC>
			<soundCannonade>guns/cannonade/cannonade_large</soundCannonade>
			<effect>~res:/3d/FX/gun_effects/shot_huge.sc2</effect>
		</blitz>
	</shot_183mm_GBR10>
	<shot_183mm_GBR10_mb>
		<stages>
			<shooting>6.0</shooting>
		</stages>
		<effects>
			<pixie>
				<startKey>shooting</startKey>
				<file>particles/Tank/shot_huge_01.xml</file>
				<force>1</force>
				<position>HP_gunFire</position>
			</pixie>
			<sound>
				<startKey>shooting</startKey>
				<name>/tanks/guns/gun_huge/gun_huge_152mm_mb</name>
			</sound>
		</effects>
		<blitz>
			<soundPC>guns/gun_huge/183mm_GBR10_pc</soundPC>
			<soundNPC>guns/gun_huge/183mm_GBR10_npc</soundNPC>
			<soundCannonade>guns/cannonade/cannonade_large</soundCannonade>
			<effect>~res:/3d/FX/gun_effects/shot_huge_mb.sc2</effect>
		</blitz>
	</shot_183mm_GBR10_mb>
</root>
