<root>
	<blitz>
		<smallIconPath>~res:/Gfx/UI/BattleScreenHUD/SmallTankIcons/germany-E-25</smallIconPath>
		<bigIconPath>~res:/Gfx/UI/BigTankIcons/germany-E-25</bigIconPath>
		<blitzModelPath>Tanks/German/E_25.sc2</blitzModelPath>
		<blitzDestructedModelPath>Tanks/German/E_25_crash.sc2</blitzDestructedModelPath>
		<engineSoundPC>tanks/pc/engine/de/mt</engineSoundPC>
		<engineSoundNPC>tanks/npc/engine/de/mt</engineSoundNPC>
		<smokeEffectPath>FX/smoke_tank_type_black_new_2.sc2</smokeEffectPath>
		<fireEffectPathAlive>FX/SmokeFire_tank_movement_new.sc2</fireEffectPathAlive>
		<fireEffectPathDead>FX/Fire_and_Smoke.sc2</fireEffectPathDead>
		<collisionMesh>CollisionMeshes/germany-E-25.sc2</collisionMesh>
		<exclusionMask>Camouflages/germany/CamouflageMasks/E-25_CM.tex</exclusionMask>
	</blitz>
	<crew>
		<commander>radioman</commander>
		<gunner/>
		<driver/>
		<loader/>
	</crew>
	<speedLimits>
		<forward>65</forward>
		<backward>20</backward>
	</speedLimits>
	<invisibility>
		<camouflageNetBonus>0.15</camouflageNetBonus>
		</invisibility>
	<repairCost>6.5</repairCost>
	<crewXpFactor>1.0</crewXpFactor>
	<effects>
		<destruction>mediumDestruction</destruction>
		<explosion>mediumExplosion</explosion>
		<flaming>mediumFlaming</flaming>
		<collision/>
	</effects>
	<camouflage>
		<priceFactor>1.4</priceFactor>
		<tiling>1 1 0 0</tiling>
		<exclusionMask>vehicles/german/G48_E-25/E-25_CM.dds</exclusionMask>
	</camouflage>
	<emblems>
		<default>germany_cross</default>
		<lodDist>MEDIUM</lodDist>
		<alpha>0.9</alpha>
	</emblems>
	<horns>
		<priceFactor>1</priceFactor>
		<distanceFactor>1</distanceFactor>
		<volumeFactor>1</volumeFactor>
	</horns>
	<hull>
		<blitz>
			<averageThickness>
				<turret_01>63.086933</turret_01>
			</averageThickness>
			<blitzPartName>hull</blitzPartName>
			<bbox>
				<min>-1.394342 -2.174062 -0.406674</min>
				<max>1.394342 2.137096 1.053817</max>
			</bbox>
			<points>
				<normal>-0.000000 0.000000 -0.761509</normal>
				<crash>-0.001037 0.000534 -0.761602</crash>
			</points>
		</blitz>
		<models>
			<undamaged>vehicles/german/G48_E-25/normal/lod0/Hull.model</undamaged>
			<destroyed>vehicles/german/G48_E-25/crash/lod0/Hull.model</destroyed>
			<exploded>vehicles/german/G48_E-25/crash/lod0/Hull.model</exploded>
		</models>
		<swinging>
			<lodDist>FAR</lodDist>
			<pitchParams>0.20 32.00 0.36 1.00 0.05 0.29</pitchParams>
			<rollParams>1.00 0.20 32.00 0.36 1.00 0.05 0.29</rollParams>
			<sensitivityToImpulse>0.3</sensitivityToImpulse>
		</swinging>
		<exhaust>
			<pixie>particles/Tank/engine_exit_gass.xml</pixie>
			<nodes>HP_Track_Exhaus_1 HP_Track_Exhaus_2</nodes>
			<rates>5.0 10.0 25.0</rates>
		</exhaust>
		<turretPositions>
			<turret>0.203745 0.324195 1.61939</turret>
		</turretPositions>
		<fakeTurrets>
			<lobby>0</lobby>
			<battle>0</battle>
		</fakeTurrets>
		<hitTester>
			<collisionModel>vehicles/german/G48_E-25/collision/Hull.model</collisionModel>
		</hitTester>
		<armor>
			<armor_1>50</armor_1>
			<armor_2>50</armor_2>
			<armor_3>30</armor_3>
			<armor_4>30</armor_4>
			<armor_5>80</armor_5>
			<armor_6>30</armor_6>
			<armor_7>20</armor_7>
			<armor_8>0</armor_8>
			<armor_9>20</armor_9>
			<armor_10>50</armor_10>
			<armor_11>20</armor_11>
		</armor>
		<primaryArmor>armor_1 armor_3 armor_4</primaryArmor>
		<weight>14700</weight>
		<maxHealth>776</maxHealth>
		<ammoBayHealth>
			<maxHealth>190</maxHealth>
			<maxRegenHealth>130</maxRegenHealth>
			<repairCost>1.0</repairCost>
			</ammoBayHealth>
		<emblemSlots>
			<clan>
				<rayStart>0.831184 0.639703 1.64853</rayStart>
				<rayEnd>0.831184 0.332787 1.39202</rayEnd>
				<rayUp>0.000000 0.000000 -1</rayUp>
				<size>0.28</size>
				<hideIfDamaged>true</hideIfDamaged>
			</clan>
			<inscription>
				<rayStart>-0.504965 0.522556 1.78869</rayStart>
				<rayEnd>-0.504965 0.215644 1.53218</rayEnd>
				<rayUp>0.000000 0.000000 -1</rayUp>
				<size>0.52</size>
				<hideIfDamaged>true</hideIfDamaged>
			</inscription>
			<player>
				<rayStart>-1.07529 0.826256 -0.168387</rayStart>
				<rayEnd>-0.82826 0.511659 -0.168387</rayEnd>
				<rayUp>0.78639 0.617484 -0.0174524</rayUp>
				<size>0.24</size>
				<hideIfDamaged>true</hideIfDamaged>
			</player>
			<player>
				<rayStart>1.07529 0.826256 -0.168387</rayStart>
				<rayEnd>0.82826 0.511659 -0.168387</rayEnd>
				<rayUp>-0.786031 0.617201 0.0348995</rayUp>
				<size>0.24</size>
				<hideIfDamaged>true</hideIfDamaged>
			</player>
		</emblemSlots>
	</hull>
	<chassis>
		<Chassis_E-25>
			<blitz>
				<blitzPartName>chassis</blitzPartName>
				<bbox>
					<min>-1.395377 -2.130689 -0.000000</min>
					<max>1.395377 2.021517 0.874771</max>
				</bbox>
				<points>
					<normal>0.000000 -0.000000 0.000216</normal>
					<crash>0.0 0.0 0.0</crash>
				</points>
				<soundPC>tanks/pc/treads/mt</soundPC>
				<soundNPC>tanks/npc/treads/mt</soundNPC>
			</blitz>
			<userString>#germany_vehicles:Chassis_E-25</userString>
			<tags/>
			<level>7</level>
			<price>0</price>
			<notInShop>true</notInShop>
			<models>
				<undamaged>vehicles/german/G48_E-25/normal/lod0/Chassis.model</undamaged>
				<destroyed>vehicles/german/G48_E-25/crash/lod0/Chassis.model</destroyed>
				<exploded>vehicles/german/G48_E-25/crash/lod0/Chassis.model</exploded>
			</models>
			<traces>
				<lodDist>FAR</lodDist>
				<bufferPrefs>mediumTank</bufferPrefs>
				<textureSet>germany_01</textureSet>
				<size>0.42 0.6</size>
			</traces>
			<tracks>
				<lodDist>MEDIUM</lodDist>
				<leftMaterial>track_mat_L_skinned</leftMaterial>
				<rightMaterial>track_mat_R_skinned</rightMaterial>
				<textureScale>-0.74</textureScale>
			</tracks>
			<wheels>
				<lodDist>MEDIUM</lodDist>
				<wheel>
					<isLeft>true</isLeft>
					<name>WD_L0</name>
					<radius>0.203505</radius>
				</wheel>
				<wheel>
					<isLeft>true</isLeft>
					<name>WD_L1</name>
					<radius>0.273225</radius>
				</wheel>
				<wheel>
					<isLeft>false</isLeft>
					<name>WD_R0</name>
					<radius>0.203505</radius>
				</wheel>
				<wheel>
					<isLeft>false</isLeft>
					<name>WD_R1</name>
					<radius>0.273225</radius>
				</wheel>
				<group>
					<isLeft>true</isLeft>
					<template>W_L</template>
					<radius>0.4</radius>
					<startIndex>0</startIndex>
					<count>5</count>
				</group>
				<group>
					<isLeft>false</isLeft>
					<template>W_R</template>
					<radius>0.4</radius>
					<startIndex>0</startIndex>
					<count>5</count>
				</group>
			</wheels>
			<drivingWheels>WD_L0 WD_L1</drivingWheels>
			<effects>
				<lodDist>MEDIUM</lodDist>
				<dust>mediumTankDust</dust>
				<mud>mediumTankMud</mud>
			</effects>
			<sound>/vehicles/tanks/treads/treads_0</sound>
			<hullPosition>0.000000 0.760609 0.000000</hullPosition>
			<hitTester>
				<collisionModel>vehicles/german/G48_E-25/collision/Chassis.model</collisionModel>
			</hitTester>
			<armor>
				<leftTrack>25</leftTrack>
				<rightTrack>25</rightTrack>
			</armor>
			<topRightCarryingPoint>1.10012 1.20108</topRightCarryingPoint>
			<maxClimbAngle>25</maxClimbAngle>
			<navmeshGirth>6.0</navmeshGirth>
			<weight>9000</weight>
			<maxLoad>29000</maxLoad>
			<terrainResistance>1.2 1.3 1.77</terrainResistance>
			<brakeForce>26000</brakeForce>
			<rotationIsAroundCenter>true</rotationIsAroundCenter>
			<rotationSpeed>44</rotationSpeed>
			<shotDispersionFactors>
				<vehicleMovement>0.15</vehicleMovement>
				<vehicleRotation>0.15</vehicleRotation>
			</shotDispersionFactors>
			<bulkHealthFactor>3.0</bulkHealthFactor>
			<maxHealth>180</maxHealth>
			<maxRegenHealth>135</maxRegenHealth>
			<repairCost>0.5</repairCost>
			</Chassis_E-25>
	</chassis>
	<turrets0>
		<Turret_1_E-25>
			<blitz>
				<blitzPartName>turret_01</blitzPartName>
				<bbox>
					<min>0.0 0.0 0.0</min>
					<max>0.0 0.0 0.0</max>
				</bbox>
				<points>
					<normal>0.0 0.0 0.0</normal>
					<crash>0.0 0.0 0.0</crash>
				</points>
			</blitz>
			<userString>#germany_vehicles:JagdPzIV_0</userString>
			<tags/>
			<level>7</level>
			<price>0</price>
			<notInShop>true</notInShop>
			<models>
				<undamaged>vehicles/german/G48_E-25/normal/lod0/Turret_01.model</undamaged>
				<destroyed>vehicles/german/G48_E-25/crash/lod0/Turret_01.model</destroyed>
				<exploded>vehicles/german/G48_E-25/crash/lod0/Turret_01.model</exploded>
			</models>
			<hitTester>
				<collisionModel>vehicles/german/G48_E-25/collision/Turret_01.model</collisionModel>
			</hitTester>
			<gunPosition>0.000000 0.000000 0.000000</gunPosition>
			<armor>
				<armor_1>0</armor_1>
				<armor_2>16</armor_2>
				<armor_3>16</armor_3>
				<armor_4>16</armor_4>
				<armor_5>16</armor_5>
				<armor_6>16</armor_6>
				<armor_7>8</armor_7>
				<armor_8>0</armor_8>
			</armor>
			<primaryArmor>armor_1 armor_3 armor_4</primaryArmor>
			<weight>100</weight>
			<maxHealth>194</maxHealth>
			<rotationSpeed>44</rotationSpeed>
			<turretRotatorHealth>
				<maxHealth>100</maxHealth>
				<maxRegenHealth>50</maxRegenHealth>
				<repairCost>1.0</repairCost>
				</turretRotatorHealth>
			<circularVisionRadius>240</circularVisionRadius>
			<surveyingDeviceHealth>
				<maxHealth>90</maxHealth>
				<maxRegenHealth>45</maxRegenHealth>
				<repairCost>1.0</repairCost>
				</surveyingDeviceHealth>
			<guns>
				<_75mm_StuK42_L70A>shared<blitz>
						<blitzPartName>gun_01</blitzPartName>
						<bbox>
							<min>-0.281508 -0.967555 -0.180162</min>
							<max>0.281377 3.511441 0.284179</max>
						</bbox>
						<points>
							<normal>-0.203745 -1.619389 -1.083283</normal>
							<crash>-0.203745 -1.620223 -1.084283</crash>
						</points>
					</blitz>
					<effects>shot_main</effects>
					<maxAmmo>60</maxAmmo>
					<models>
						<undamaged>vehicles/german/G48_E-25/normal/lod0/Gun_01.model</undamaged>
						<destroyed>vehicles/german/G48_E-25/crash/lod0/Gun_01.model</destroyed>
						<exploded>vehicles/german/G48_E-25/crash/lod0/Gun_01.model</exploded>
					</models>
					<hitTester>
						<collisionModel>vehicles/german/G48_E-25/collision/Gun_01.model</collisionModel>
					</hitTester>
					<armor>
						<armor_1>50<vehicleDamageFactor>0.0</vehicleDamageFactor>
						</armor_1>
						<armor_2>25<vehicleDamageFactor>0.0</vehicleDamageFactor>
						</armor_2>
						<armor_3>10<vehicleDamageFactor>0.0</vehicleDamageFactor>
						</armor_3>
						<armor_4>0<vehicleDamageFactor>0.0</vehicleDamageFactor>
						</armor_4>
						<gun>20</gun>
					</armor>
					<shotDispersionRadius>0.3</shotDispersionRadius>
					<reloadTime>3.8</reloadTime>
					<shotDispersionFactors>
						<turretRotation>0.08</turretRotation>
						<afterShot>3</afterShot>
						<whileGunDamaged>2.0</whileGunDamaged>
					</shotDispersionFactors>
					<aimingTime>1.5</aimingTime>
					<pitchLimits>-15 8</pitchLimits>
				</_75mm_StuK42_L70A>
			</guns>
			<emblemSlots/>
			<showEmblemsOnGun>false</showEmblemsOnGun>
			<physicsShape>1.000 0.000 1.000 0.000 1.000 0.000 0.500 0.100 0.500 0.500 0.500 0.500 0.600 0.100 0.500</physicsShape>
			<yawLimits>-12 12</yawLimits>
		</Turret_1_E-25>
	</turrets0>
	<engines>
		<Maybach_HL_230_TRM_P30_A>shared</Maybach_HL_230_TRM_P30_A>
	</engines>
	<fuelTanks>
		<Heavy>shared</Heavy></fuelTanks>
	<radios>
		<FuG7A>shared</FuG7A>
	</radios>
</root>
